use MeltingPot;

insert into Administrators (adminID, username, password) values (1, 'Robinet', 'tJ0>hFY"+#O"1+');
insert into Administrators (adminID, username, password) values (2, 'Ambrosius', 'kR6@We,~$t.H');
insert into Administrators (adminID, username, password) values (3, 'Laurens', 'pC0+A+a{=dWq');
insert into Administrators (adminID, username, password) values (4, 'Ianthe', 'rC7<q`Fuf');
insert into Administrators (adminID, username, password) values (5, 'Maurizio', 'iI8''B*61{Z9p>ypr');
insert into Administrators (adminID, username, password) values (6, 'Brice', 'hF3!yq)z"');
insert into Administrators (adminID, username, password) values (7, 'Abramo', 'mJ4/xUoT)hqDtN');
insert into Administrators (adminID, username, password) values (8, 'Maury', 'yH3.E.hC(~');
insert into Administrators (adminID, username, password) values (9, 'Jenifer', 'jD5/z@i{}ZT*1');
insert into Administrators (adminID, username, password) values (10, 'Sissy', 'bB5",wZ+`+&"JgXR');
insert into Administrators (adminID, username, password) values (11, 'Doris', 'dN2''`V0Cikpb0Q');
insert into Administrators (adminID, username, password) values (12, 'Lind', 'bH5?B%s>/tK"');
insert into Administrators (adminID, username, password) values (13, 'Arleta', 'iV3#o*F|ici(*');
insert into Administrators (adminID, username, password) values (14, 'Merl', 'aN6,4pE%)Ke7kgZ=');
insert into Administrators (adminID, username, password) values (15, 'Korry', 'xR4|G19?1KC_TSwe');
insert into Administrators (adminID, username, password) values (16, 'Freddi', 'oY3&xm%?yWi95');
insert into Administrators (adminID, username, password) values (17, 'Marcus', 'rT8?tz7xT%');
insert into Administrators (adminID, username, password) values (18, 'Eli', 'nU3.{=a1~C)#');
insert into Administrators (adminID, username, password) values (19, 'Jeremias', 'xM6!=`\m)/8fiyW');
insert into Administrators (adminID, username, password) values (20, 'Lefty', 'vW3/hlPZ.R');
insert into Administrators (adminID, username, password) values (21, 'Lucy', 'yZ1.1lsW$W/~');
insert into Administrators (adminID, username, password) values (22, 'Junette', 'sA9!Fvh@$+@wG');
insert into Administrators (adminID, username, password) values (23, 'Natalya', 'cF3\,RLig&)');
insert into Administrators (adminID, username, password) values (24, 'Hill', 'uQ1_u&o?}_');
insert into Administrators (adminID, username, password) values (25, 'Rozele', 'oZ8$D\mSge_C}p');
insert into Administrators (adminID, username, password) values (26, 'Gram', 'zN2@n{$d66_o>');
insert into Administrators (adminID, username, password) values (27, 'Rickie', 'wP4+&br2Ujs,,p4');
insert into Administrators (adminID, username, password) values (28, 'Bethanne', 'qS4e$(GoxpQ_');
insert into Administrators (adminID, username, password) values (29, 'Conrad', 'wE0}Meewhi7');
insert into Administrators (adminID, username, password) values (30, 'Aleece', 'iP6{EKG>%#Q2a');
insert into Administrators (adminID, username, password) values (31, 'Elden', 'oD8*&ue=DhO');
insert into Administrators (adminID, username, password) values (32, 'Maiga', 'hV3{v@4!');
insert into Administrators (adminID, username, password) values (33, 'Ddene', 'dY7%tP1Z&');
insert into Administrators (adminID, username, password) values (34, 'Bogart', 'uY3`><8dE1ku4');
insert into Administrators (adminID, username, password) values (35, 'Juliet', 'hK4(nxT(WY#5Yz`N');
insert into Administrators (adminID, username, password) values (36, 'Pail', 'iM9`nopB<M"');
insert into Administrators (adminID, username, password) values (37, 'Grover', 'qU7=jWl6KV');
insert into Administrators (adminID, username, password) values (38, 'Aubree', 'gI4!>z=}yLq?i2F');
insert into Administrators (adminID, username, password) values (39, 'Kahaleel', 'oC2<8MyL_DIs');
insert into Administrators (adminID, username, password) values (40, 'Bea', 'sT4!)AEc7A');

insert into DataAnalysts (analystID, username, password) values (1, 'Donetta', 'sY7''ml>8)Y96');
insert into DataAnalysts (analystID, username, password) values (2, 'Gwennie', 'hS7,rt=}kzmGh');
insert into DataAnalysts (analystID, username, password) values (3, 'Perkin', 'dI6?''pP8"yf)');
insert into DataAnalysts (analystID, username, password) values (4, 'Gweneth', 'cE1=Nysu@y');
insert into DataAnalysts (analystID, username, password) values (5, 'Celestine', 'nG8''Zp+W1n#)');
insert into DataAnalysts (analystID, username, password) values (6, 'Mirella', 'rF6<b''q#@B`wog#');
insert into DataAnalysts (analystID, username, password) values (7, 'Dennison', 'tA7>t1''KrXS&0"ww');
insert into DataAnalysts (analystID, username, password) values (8, 'Wandie', 'sO4xvJn}+fog');
insert into DataAnalysts (analystID, username, password) values (9, 'Felisha', 'zV2}h%?l92<OY/n');
insert into DataAnalysts (analystID, username, password) values (10, 'Jeth', 'pQ5$WI(ojfjs');
insert into DataAnalysts (analystID, username, password) values (11, 'Nanci', 'zC5cnzX3N');
insert into DataAnalysts (analystID, username, password) values (12, 'Haily', 'xF0)UXN');
insert into DataAnalysts (analystID, username, password) values (13, 'Casandra', 'nX5+dC!kEO)$zpH(');
insert into DataAnalysts (analystID, username, password) values (14, 'Jillayne', 'rR7<r!eTwL');
insert into DataAnalysts (analystID, username, password) values (15, 'Rochester', 'pW8"2>o?Gq<ju');
insert into DataAnalysts (analystID, username, password) values (16, 'Ashley', 'sP2*''at)U)');
insert into DataAnalysts (analystID, username, password) values (17, 'Roz', 'hA3}w>$!T2DfV~y');
insert into DataAnalysts (analystID, username, password) values (18, 'Prentiss', 'iI0.(apcl6wm5');
insert into DataAnalysts (analystID, username, password) values (19, 'Elvin', 'vT1<xM/Xt9');
insert into DataAnalysts (analystID, username, password) values (20, 'Shanie', 'dT2}}cuL(Snr''');
insert into DataAnalysts (analystID, username, password) values (21, 'Jess', 'yJ7.A*6@KE');
insert into DataAnalysts (analystID, username, password) values (22, 'Hewet', 'eS8=i,gC1');
insert into DataAnalysts (analystID, username, password) values (23, 'Charin', 'tK8+(`3|6T');
insert into DataAnalysts (analystID, username, password) values (24, 'Dulciana', 'iE7(O(i$U');
insert into DataAnalysts (analystID, username, password) values (25, 'Gerardo', 'rI3`EA>Sx,<p');
insert into DataAnalysts (analystID, username, password) values (26, 'Else', 'iB9{#mZ3W');
insert into DataAnalysts (analystID, username, password) values (27, 'Rurik', 'oI2%maHLNp&|');
insert into DataAnalysts (analystID, username, password) values (28, 'Pearle', 'jF0}~?Kbd%');
insert into DataAnalysts (analystID, username, password) values (29, 'Elsworth', 'mL7{mt!K?z');
insert into DataAnalysts (analystID, username, password) values (30, 'Fair', 'gF1~"qyG`"Hb');
insert into DataAnalysts (analystID, username, password) values (31, 'Amitie', 'vR0?k|@BQ|+=y');
insert into DataAnalysts (analystID, username, password) values (32, 'Rosella', 'hT3.7F$PVy=cZ,*T');
insert into DataAnalysts (analystID, username, password) values (33, 'Lee', 'iV6~f~}y"');
insert into DataAnalysts (analystID, username, password) values (34, 'William', 'cK8&#I77cT');
insert into DataAnalysts (analystID, username, password) values (35, 'Jessalyn', 'kJ5$hTc?zRCC3t');
insert into DataAnalysts (analystID, username, password) values (36, 'Brooke', 'bH6_Cwkq');
insert into DataAnalysts (analystID, username, password) values (37, 'Sara', 'nR0<j|Ejza');
insert into DataAnalysts (analystID, username, password) values (38, 'Jonathon', 'iP7#C4zFh1h');
insert into DataAnalysts (analystID, username, password) values (39, 'Delmer', 'rC7+l<n%iI`2tEjL');
insert into DataAnalysts (analystID, username, password) values (40, 'Orel', 'cI7~d1nPBxEsGlI4');

insert into Users (userID, username, password, bio) values (1, 'Doug', 'eS3/m?|rn~', 'Integer ac neque.');
insert into Users (userID, username, password, bio) values (2, 'Davide', 'wE2/L"cD{{!fm_ox', 'Quisque erat eros, viverra eget, congue eget, semper rutrum, nulla. Nunc purus. Phasellus in felis.');
insert into Users (userID, username, password, bio) values (3, 'Christoforo', 'eY7=OiM''YV', 'Proin leo odio, porttitor id, consequat in, consequat ut, nulla. Sed accumsan felis.');
insert into Users (userID, username, password, bio) values (4, 'Iver', 'fW9<**_RQ5O,7)', 'Aliquam sit amet diam in magna bibendum imperdiet. Nullam orci pede, venenatis non, sodales sed, tincidunt eu, felis. Fusce posuere felis sed lacus.');
insert into Users (userID, username, password, bio) values (5, 'Terri', 'bC1?,Zx2<7#/r*', 'Nulla neque libero, convallis eget, eleifend luctus, ultricies eu, nibh. Quisque id justo sit amet sapien dignissim vestibulum. Vestibulum ante ipsum primis in faucibus orci luctus et ultrices posuere cubilia Curae; Nulla dapibus dolor vel est.');
insert into Users (userID, username, password, bio) values (6, 'Pyotr', 'bF5)uzk},@Uv,PC#', 'Integer a nibh. In quis justo. Maecenas rhoncus aliquam lacus.');
insert into Users (userID, username, password, bio) values (7, 'Elsey', 'vK4}6TPP46$7zP', 'Cras pellentesque volutpat dui. Maecenas tristique, est et tempus semper, est quam pharetra magna, ac consequat metus sapien ut nunc. Vestibulum ante ipsum primis in faucibus orci luctus et ultrices posuere cubilia Curae; Mauris viverra diam vitae quam.');
insert into Users (userID, username, password, bio) values (8, 'Hayley', 'hB7#Pz*\,x/M', 'Phasellus sit amet erat. Nulla tempus. Vivamus in felis eu sapien cursus vestibulum.');
insert into Users (userID, username, password, bio) values (9, 'Craggy', 'gV5=Ef/zO*}*g?', 'Nam congue, risus semper porta volutpat, quam pede lobortis ligula, sit amet eleifend pede libero quis orci.');
insert into Users (userID, username, password, bio) values (10, 'Danna', 'jE5>VKq35Z', 'Etiam pretium iaculis justo.');
insert into Users (userID, username, password, bio) values (11, 'Sol', 'sL3#A<&e_iow', 'Duis consequat dui nec nisi volutpat eleifend.');
insert into Users (userID, username, password, bio) values (12, 'Mitchael', 'uM0}O$e#>{U5(?p+', 'Curabitur in libero ut massa volutpat convallis. Morbi odio odio, elementum eu, interdum eu, tincidunt in, leo. Maecenas pulvinar lobortis est.');
insert into Users (userID, username, password, bio) values (13, 'Lexis', 'fX4''#E|>/Vot>cGu', 'Praesent blandit. Nam nulla. Integer pede justo, lacinia eget, tincidunt eget, tempus vel, pede.');
insert into Users (userID, username, password, bio) values (14, 'Prent', 'xK6=6"u.@', 'Ut tellus. Nulla ut erat id mauris vulputate elementum. Nullam varius.');
insert into Users (userID, username, password, bio) values (15, 'Roselin', 'xT1(5u.nUaiwJ*s', 'In eleifend quam a odio. In hac habitasse platea dictumst.');
insert into Users (userID, username, password, bio) values (16, 'Sharona', 'jU9~)(&,jF', 'In congue. Etiam justo.');
insert into Users (userID, username, password, bio) values (17, 'Frank', 'iJ8!Cx+C/k+E4Y', 'Nullam porttitor lacus at turpis.');
insert into Users (userID, username, password, bio) values (18, 'Prescott', 'qU1{BO7f}J8', 'Praesent lectus. Vestibulum quam sapien, varius ut, blandit non, interdum in, ante.');
insert into Users (userID, username, password, bio) values (19, 'Beverly', 'gV6*q)vRfp#_P', 'Mauris enim leo, rhoncus sed, vestibulum sit amet, cursus id, turpis. Integer aliquet, massa id lobortis convallis, tortor risus dapibus augue, vel accumsan tellus nisi eu orci.');
insert into Users (userID, username, password, bio) values (20, 'Curcio', 'bF1)nR|H{', 'Curabitur convallis.');
insert into Users (userID, username, password, bio) values (21, 'Bartolemo', 'xF7#X/V9', 'Donec ut mauris eget massa tempor convallis.');
insert into Users (userID, username, password, bio) values (22, 'Alleen', 'rB1%mEDv<9NQb', 'Nulla facilisi.');
insert into Users (userID, username, password, bio) values (23, 'Vivianna', 'aX4`N)2t>PsC', 'Etiam pretium iaculis justo. In hac habitasse platea dictumst. Etiam faucibus cursus urna.');
insert into Users (userID, username, password, bio) values (24, 'Lyman', 'eR8>xydXAL}B}RwL', 'Nulla nisl.');
insert into Users (userID, username, password, bio) values (25, 'Jerrylee', 'mA3}oofw3+f$()>M', 'Pellentesque eget nunc. Donec quis orci eget orci vehicula condimentum.');
insert into Users (userID, username, password, bio) values (26, 'Willyt', 'fG5(+qr7', 'Morbi a ipsum. Integer a nibh.');
insert into Users (userID, username, password, bio) values (27, 'Ethelin', 'mZ8?%LHr?m!C|X', 'Sed accumsan felis. Ut at dolor quis odio consequat varius. Integer ac leo.');
insert into Users (userID, username, password, bio) values (28, 'Minor', 'iG1(w>+4$*p', 'Mauris sit amet eros. Suspendisse accumsan tortor quis turpis.');
insert into Users (userID, username, password, bio) values (29, 'Ilyssa', 'qJ1<DI8xL/>&>+', 'Vivamus in felis eu sapien cursus vestibulum. Proin eu mi.');
insert into Users (userID, username, password, bio) values (30, 'Agneta', 'nW5''I|MbC5', 'Nullam orci pede, venenatis non, sodales sed, tincidunt eu, felis. Fusce posuere felis sed lacus.');
insert into Users (userID, username, password, bio) values (31, 'Hilario', 'eY2@GN#h', 'Proin leo odio, porttitor id, consequat in, consequat ut, nulla. Sed accumsan felis.');
insert into Users (userID, username, password, bio) values (32, 'Meggie', 'hN6"M5mQGES', 'Aenean lectus. Pellentesque eget nunc.');
insert into Users (userID, username, password, bio) values (33, 'Freddie', 'cP5$)fePl$tT', 'Nam tristique tortor eu pede.');
insert into Users (userID, username, password, bio) values (34, 'Kore', 'yI8~OJ<8E', 'In quis justo.');
insert into Users (userID, username, password, bio) values (35, 'Daryn', 'qW0?sW6!7!6$d94', 'Vivamus metus arcu, adipiscing molestie, hendrerit at, vulputate vitae, nisl. Aenean lectus.');
insert into Users (userID, username, password, bio) values (36, 'Sigmund', 'uP9@!LtRXO6)*f', 'Proin leo odio, porttitor id, consequat in, consequat ut, nulla. Sed accumsan felis. Ut at dolor quis odio consequat varius.');
insert into Users (userID, username, password, bio) values (37, 'Base', 'hA6{MP%K5Z.C1d', 'Morbi vel lectus in quam fringilla rhoncus. Mauris enim leo, rhoncus sed, vestibulum sit amet, cursus id, turpis.');
insert into Users (userID, username, password, bio) values (38, 'Rebeka', 'eK4}&BXR', 'In sagittis dui vel nisl. Duis ac nibh. Fusce lacus purus, aliquet at, feugiat non, pretium quis, lectus.');
insert into Users (userID, username, password, bio) values (39, 'Glennie', 'kJ6.w=A#Oi', 'Morbi non lectus. Aliquam sit amet diam in magna bibendum imperdiet.');
insert into Users (userID, username, password, bio) values (40, 'Francine', 'eW2,@$@fTFHf#Fl', 'Nulla neque libero, convallis eget, eleifend luctus, ultricies eu, nibh. Quisque id justo sit amet sapien dignissim vestibulum. Vestibulum ante ipsum primis in faucibus orci luctus et ultrices posuere cubilia Curae; Nulla dapibus dolor vel est.');


insert into Categories (catID, name, description) values (1, 'Organic Tomato Soup', 'Hearty tomato soup made from organic ingredients.');
insert into Categories (catID, name, description) values (2, 'Avocados', 'Fresh, creamy avocados ideal for salads and guacamole.');
insert into Categories (catID, name, description) values (3, 'Ceramic Planter Set', 'Set of decorative ceramic planters for indoor plants.');
insert into Categories (catID, name, description) values (4, 'Honeycrisp Apple Chips', 'Crispy and sweet dried apple slices');
insert into Categories (catID, name, description) values (5, 'Patterned Knit Scarf', 'Add a pop of color with this stylish patterned knit scarf.');
insert into Categories (catID, name, description) values (6, 'Maple Bacon Potato Chips', 'Savory potato chips with a hint of maple sweetness and crispy bacon flavor.');
insert into Categories (catID, name, description) values (7, 'Pet Travel Backpack Carrier', 'Comfortable carry for pets while hiking or traveling.');
insert into Categories (catID, name, description) values (8, 'Coffee Grinder', 'Burr coffee grinder for fresh ground coffee.');
insert into Categories (catID, name, description) values (9, 'Organic Vanilla Bean Ice Cream', 'Creamy ice cream made with real vanilla beans, perfect for desserts.');
insert into Categories (catID, name, description) values (10, 'Multicolored LED Strip Lights', 'Flexible LED lights for creative home lighting designs.');
insert into Categories (catID, name, description) values (11, 'Mechanical Pencil Set', 'Precision pencils for drawing, sketching, and writing.');
insert into Categories (catID, name, description) values (12, 'Brown Sugar', 'Raw brown sugar, perfect for baking or sweetening drinks.');
insert into Categories (catID, name, description) values (13, 'Shredded Cheese', 'Blend of cheddar and mozzarella cheese, great for recipes.');
insert into Categories (catID, name, description) values (14, 'Granola', 'Crunchy and flavorful mix of oats and honey.');
insert into Categories (catID, name, description) values (15, 'Adjustable Skipping Rope', 'Durable skipping rope with adjustable length for workouts.');
insert into Categories (catID, name, description) values (16, 'Water Bottle with Built-in Fruit Infuser', 'Stay hydrated with refreshing flavored water.');
insert into Categories (catID, name, description) values (17, 'Sweet Potatoes (organic)', 'Fresh organic sweet potatoes, great for roasting or mashing.');
insert into Categories (catID, name, description) values (18, 'Kids'' Crafting Station', 'Complete station with supplies for kids'' art projects.');
insert into Categories (catID, name, description) values (19, 'Pumpkin Spice Coffee', 'Coffee blend infused with pumpkin spice, perfect for fall.');
insert into Categories (catID, name, description) values (20, 'Lightweight Workout Tank', 'Breathable tank top perfect for workouts or casual wear.');
insert into Categories (catID, name, description) values (21, 'Beef Tacos', 'Pre-seasoned beef mix for delicious tacos, just heat and serve.');
insert into Categories (catID, name, description) values (22, 'Men''s Waterproof Hiking Boots', 'Durable boots designed for outdoor hiking and activities.');
insert into Categories (catID, name, description) values (23, 'Drone', 'Beginner-friendly drone with HD camera.');
insert into Categories (catID, name, description) values (24, 'Ethically-Sourced Coffee Beans', 'Freshly roasted coffee beans with rich flavor.');
insert into Categories (catID, name, description) values (25, 'Classic Black Trousers', 'Timeless black trousers for a smart and sophisticated look.');
insert into Categories (catID, name, description) values (26, 'Non-Toxic Concrete Sealer', 'Eco-friendly sealer for protecting concrete surfaces.');
insert into Categories (catID, name, description) values (27, 'Cinnamon Rolls', 'Sweet and gooey cinnamon rolls, ready to bake.');
insert into Categories (catID, name, description) values (28, 'Pumpkin Seeds', 'Crunchy roasted pumpkin seeds, great for snacking.');
insert into Categories (catID, name, description) values (29, 'Garlic and Herb Cream Cheese', 'Spreadable cream cheese with garlic and herbs.');
insert into Categories (catID, name, description) values (30, 'Cheesy Broccoli Soup Mix', 'Just add water for a hearty cheese and broccoli soup in minutes.');
insert into Categories (catID, name, description) values (31, 'Fall-Themed Table Runner', 'Decorative table runner perfect for autumn gatherings.');
insert into Categories (catID, name, description) values (32, 'Miso Soup Mix', 'Instant miso soup mix, just add hot water for a warm meal.');
insert into Categories (catID, name, description) values (33, 'Wireless Earbuds', 'True wireless earbuds with touch control.');
insert into Categories (catID, name, description) values (34, 'Decorative LED Neon Sign', 'Bright, vibrant sign to add flair to any space.');
insert into Categories (catID, name, description) values (35, 'Sweet Chili Thai Sauce', 'Tangy sweet chili sauce perfect for dipping or cooking.');
insert into Categories (catID, name, description) values (36, 'Cereal Dispenser with Portion Control', 'Maintain freshness and dispense cereal easily.');
insert into Categories (catID, name, description) values (37, 'Savory Italian Herbs', 'A blend of dried Italian herbs for cooking.');
insert into Categories (catID, name, description) values (38, 'Savory Pumpkin Soup', 'Creamy pumpkin soup with spices');
insert into Categories (catID, name, description) values (39, 'Comfortable Bed Pillow', 'Supportive pillow designed for a good night''s sleep.');
insert into Categories (catID, name, description) values (40, 'Oats', 'Organic rolled oats, great for breakfast or baking.');


insert into Recipes (recipeID, userID, name, description, steps, picture, difficulty, catID) values (1, 1, 'Tommy', 'A retro-style button-down shirt with a relaxed fit.', 'error: divided by 0', 'NZ4290', 3, 4);
insert into Recipes (recipeID, userID, name, description, steps, picture, difficulty, catID) values (2, 2, 'Salim', 'Stackable containers for organizing snacks and treats.', 'error: divided by 0', 'AA8769', 4, 4);
insert into Recipes (recipeID, userID, name, description, steps, picture, difficulty, catID) values (3, 3, 'Dion', 'Reusable microfiber cloths for environmentally friendly cleaning.', 'error: divided by 0', 'LA7284', 4, 13);
insert into Recipes (recipeID, userID, name, description, steps, picture, difficulty, catID) values (4, 4, 'Emilie', 'Spreadable cream cheese blended with garlic and herbs.', 'error: divided by 0', 'CX2366', 1, 34);
insert into Recipes (recipeID, userID, name, description, steps, picture, difficulty, catID) values (5, 5, 'Ashely', 'Steamed edamame tossed in a spicy garlic sauce, great for snacking.', 'error: divided by 0', 'UA3991', 2, 12);
insert into Recipes (recipeID, userID, name, description, steps, picture, difficulty, catID) values (6, 6, 'Ham', 'Comfortable wireless headphones designed for sleeping.', 'error: divided by 0', 'QF1388', 3, 13);
insert into Recipes (recipeID, userID, name, description, steps, picture, difficulty, catID) values (7, 7, 'Aurelia', 'Flavorful chicken wings marinated in a sweet teriyaki glaze.', 'error: divided by 0', 'EK9440', 4, 8);
insert into Recipes (recipeID, userID, name, description, steps, picture, difficulty, catID) values (8, 8, 'Jose', 'Seat belt attachment to keep dogs safe during car rides.', 'error: divided by 0', 'IB3405', 3, 5);
insert into Recipes (recipeID, userID, name, description, steps, picture, difficulty, catID) values (9, 9, 'Benedikta', 'Reusable mat that prevents food from sticking to the grill.', 'error: divided by 0', 'SA8401', 4, 5);
insert into Recipes (recipeID, userID, name, description, steps, picture, difficulty, catID) values (10, 10, 'Janene', 'Seat belt attachment to keep dogs safe during car rides.', 'error: divided by 0', 'KL9656', 2, 14);
insert into Recipes (recipeID, userID, name, description, steps, picture, difficulty, catID) values (11, 11, 'Arron', 'Mint-flavored chocolate candies for a refreshing treat.', 'error: divided by 0', 'AA9999', 5, 4);
insert into Recipes (recipeID, userID, name, description, steps, picture, difficulty, catID) values (12, 12, 'Obediah', 'Creamy, dairy-free Alfredo sauce', 'error: divided by 0', 'QR1240', 1, 14);
insert into Recipes (recipeID, userID, name, description, steps, picture, difficulty, catID) values (13, 13, 'Dugald', 'Comfortable carry for pets while hiking or traveling.', 'error: divided by 0', 'BA9701', 2, 11);
insert into Recipes (recipeID, userID, name, description, steps, picture, difficulty, catID) values (14, 14, 'Tisha', 'Delicious recipes focusing on plant-based ingredients.', 'error: divided by 0', 'TG7592', 2, 10);
insert into Recipes (recipeID, userID, name, description, steps, picture, difficulty, catID) values (15, 15, 'Rolf', 'Versatile multi-tool with 15 different functions.', 'error: divided by 0', 'SQ4035', 2, 3);
insert into Recipes (recipeID, userID, name, description, steps, picture, difficulty, catID) values (16, 16, 'Rance', 'Juicy and tender boneless chicken breasts.', 'error: divided by 0', 'EK6270', 1, 3);
insert into Recipes (recipeID, userID, name, description, steps, picture, difficulty, catID) values (17, 17, 'Sergio', 'Safety collar with flashing lights for pets during night walks.', 'error: divided by 0', 'AM8303', 4, 8);
insert into Recipes (recipeID, userID, name, description, steps, picture, difficulty, catID) values (18, 18, 'Sheena', 'A flavorful blend of rice with tropical pineapple and coconut flavors.', 'error: divided by 0', 'AV8569', 1, 9);
insert into Recipes (recipeID, userID, name, description, steps, picture, difficulty, catID) values (19, 19, 'Antons', 'Golden crispy chicken tenders coated with honey mustard flavor.', 'error: divided by 0', 'AM9801', 3, 7);
insert into Recipes (recipeID, userID, name, description, steps, picture, difficulty, catID) values (20, 20, 'Arabella', 'Stay dry with these stylish waterproof rain boots.', 'error: divided by 0', 'WN5349', 3, 3);
insert into Recipes (recipeID, userID, name, description, steps, picture, difficulty, catID) values (21, 21, 'Davy', 'Breathable mesh sports leggings for ultimate comfort.', 'error: divided by 0', 'NH7496', 1, 8);
insert into Recipes (recipeID, userID, name, description, steps, picture, difficulty, catID) values (22, 22, 'Anthony', 'Video baby monitor with night vision.', 'error: divided by 0', 'LA3470', 1, 4);
insert into Recipes (recipeID, userID, name, description, steps, picture, difficulty, catID) values (23, 23, 'Hayley', 'Effective brush for removing loose hair from pets.', 'error: divided by 0', 'AF4739', 5, 8);
insert into Recipes (recipeID, userID, name, description, steps, picture, difficulty, catID) values (24, 24, 'Sebastiano', 'Delicious clusters of peanuts and chocolate for a sweet treat.', 'error: divided by 0', 'AI1305', 2, 6);
insert into Recipes (recipeID, userID, name, description, steps, picture, difficulty, catID) values (25, 25, 'Barnebas', 'Cordless electric knife for effortless slicing.', 'error: divided by 0', 'AM5106', 5, 3);
insert into Recipes (recipeID, userID, name, description, steps, picture, difficulty, catID) values (26, 26, 'Barny', 'Crunchy granola with maple syrup and pecans, great for breakfast or snacking.', 'error: divided by 0', 'AV2185', 4, 13);
insert into Recipes (recipeID, userID, name, description, steps, picture, difficulty, catID) values (27, 27, 'Frayda', 'Creamy tahini made from ground sesame seeds.', 'error: divided by 0', 'KL4754', 2, 14);
insert into Recipes (recipeID, userID, name, description, steps, picture, difficulty, catID) values (28, 28, 'Alexandr', 'Farm fresh eggs, essential for breakfast.', 'error: divided by 0', 'TG1544', 4, 5);
insert into Recipes (recipeID, userID, name, description, steps, picture, difficulty, catID) values (29, 29, 'Joan', 'Crunchy pretzel bites filled with peanut butter', 'error: divided by 0', 'IB8156', 4, 5);
insert into Recipes (recipeID, userID, name, description, steps, picture, difficulty, catID) values (30, 30, 'Corrie', 'Authentic Italian pasta, perfect for a classic meal.', 'error: divided by 0', 'AM2211', 2, 7);
insert into Recipes (recipeID, userID, name, description, steps, picture, difficulty, catID) values (31, 31, 'Florie', 'DIY LED strip lights with remote control.', 'error: divided by 0', 'AC6671', 3, 7);
insert into Recipes (recipeID, userID, name, description, steps, picture, difficulty, catID) values (32, 32, 'Dari', 'Small fridge designed to keep skincare products cool and fresh.', 'error: divided by 0', 'UA6894', 5, 4);
insert into Recipes (recipeID, userID, name, description, steps, picture, difficulty, catID) values (33, 33, 'Thurstan', 'Tender chicken coated in a sweet and savory honey garlic sauce.', 'error: divided by 0', 'LH5015', 4, 12);
insert into Recipes (recipeID, userID, name, description, steps, picture, difficulty, catID) values (34, 34, 'Robinet', 'A mix of strawberries, blueberries, and raspberries, perfect for smoothies.', 'error: divided by 0', 'KL6164', 2, 13);
insert into Recipes (recipeID, userID, name, description, steps, picture, difficulty, catID) values (35, 35, 'Francis', 'Professional grooming table with adjustable height.', 'error: divided by 0', 'AZ1147', 5, 14);
insert into Recipes (recipeID, userID, name, description, steps, picture, difficulty, catID) values (36, 36, 'Olva', 'Soft and strong toilet paper for everyday use.', 'error: divided by 0', 'UA8934', 3, 8);
insert into Recipes (recipeID, userID, name, description, steps, picture, difficulty, catID) values (37, 37, 'Nickie', 'Foldable table for working with laptops anywhere.', 'error: divided by 0', 'QR6999', 5, 6);
insert into Recipes (recipeID, userID, name, description, steps, picture, difficulty, catID) values (38, 38, 'Theresita', 'Stylish leather ankle boots with a block heel, perfect for fall styling.', 'error: divided by 0', 'EK4968', 4, 4);
insert into Recipes (recipeID, userID, name, description, steps, picture, difficulty, catID) values (39, 39, 'Roberta', 'Retro-style graphic tee with a soft wash for a vintage feel.', 'error: divided by 0', 'QF3102', 1, 4);
insert into Recipes (recipeID, userID, name, description, steps, picture, difficulty, catID) values (40, 40, 'Egon', 'Portable case to organize and protect jewelry on trips.', 'error: divided by 0', 'KE5476', 4, 9);


insert into Ingredients (ingrID, name, description) values (1, 'Field Journal', 'Durable journal for nature observations and notes.');
insert into Ingredients (ingrID, name, description) values (2, 'Organic Chia Seeds', 'Nutritious chia seeds great for smoothies');
insert into Ingredients (ingrID, name, description) values (3, 'Ginger Turmeric Latte Mix', 'A warming blend of ginger and turmeric for lattes.');
insert into Ingredients (ingrID, name, description) values (4, 'DIY Candle Kit', 'Everything you need to make your own scented candles at home.');
insert into Ingredients (ingrID, name, description) values (5, 'Insulated Wine Tote', 'Stylish tote to keep wine bottles chilled while traveling.');
insert into Ingredients (ingrID, name, description) values (6, 'Silicone Baking Mats', 'Reusable silicone mats for non-stick baking.');
insert into Ingredients (ingrID, name, description) values (7, 'Two-Tier Fruit Basket', 'Stylish fruit basket for kitchen or dining room.');
insert into Ingredients (ingrID, name, description) values (8, 'Cauliflower Pizza Crust', 'Healthy pizza crust made from cauliflower');
insert into Ingredients (ingrID, name, description) values (9, 'Vegetarian Sausage Links', 'Plant-based sausage links with spices and herbs.');
insert into Ingredients (ingrID, name, description) values (10, 'Honey Graham Crackers', 'Sweet and crunchy honey-flavored graham crackers.');
insert into Ingredients (ingrID, name, description) values (11, 'Honey Sesame Chicken', 'A delicious chicken dish featuring honey and sesame flavors.');
insert into Ingredients (ingrID, name, description) values (12, 'Mango Chili Salsa', 'A sweet and spicy salsa made with mangoes and a hint of chili, great with chips or grilled chicken.');
insert into Ingredients (ingrID, name, description) values (13, 'Lentil Soup', 'Flavorful lentil soup, perfect for a quick meal.');
insert into Ingredients (ingrID, name, description) values (14, 'Beard Grooming Kit', 'Everything you need for maintaining a healthy beard.');
insert into Ingredients (ingrID, name, description) values (15, 'Wireless HDMI Receiver', 'Stream HD video wirelessly from devices to TV.');
insert into Ingredients (ingrID, name, description) values (16, 'Savory Snack Mix', 'A mix of nuts, pretzels, and crackers, seasoned just right for snacking.');
insert into Ingredients (ingrID, name, description) values (17, 'Turmeric Ginger Tea', 'A soothing tea blend with turmeric and ginger for wellness.');
insert into Ingredients (ingrID, name, description) values (18, 'Almond Flour Tortillas', 'Gluten-free tortillas made from almond flour, perfect for various wraps and meals.');
insert into Ingredients (ingrID, name, description) values (19, 'Tennis Racket', 'Lightweight tennis racket for beginners and advanced players.');
insert into Ingredients (ingrID, name, description) values (20, 'Carrot Ginger Soup', 'Smooth soup made from carrots and ginger, great for cold days.');
insert into Ingredients (ingrID, name, description) values (21, 'Hiking Gaiters', 'Protective gaiters to keep dirt and debris out of shoes during hikes.');
insert into Ingredients (ingrID, name, description) values (22, 'Stick Vacuums Cleaner', 'Cordless vacuum cleaner for quick clean-ups.');
insert into Ingredients (ingrID, name, description) values (23, 'Fashionable Fanny Pack', 'A trendy fanny pack, perfect for hands-free outings.');
insert into Ingredients (ingrID, name, description) values (24, 'Aged White Cheddar Popcorn', 'Light and fluffy popcorn coated in aged white cheddar.');
insert into Ingredients (ingrID, name, description) values (25, 'Streaming Device', 'HD streaming device for accessing popular services.');
insert into Ingredients (ingrID, name, description) values (26, 'Sports Bottle', 'BPA-free sports bottle with flip-top lid.');
insert into Ingredients (ingrID, name, description) values (27, 'Pet Grooming Kit', 'Complete grooming kit for dogs and cats.');
insert into Ingredients (ingrID, name, description) values (28, 'Chili Powder', 'Spicy chili powder to add heat to dishes.');
insert into Ingredients (ingrID, name, description) values (29, 'Pet Waterer with Filtration', 'Automatic waterer that filters and provides fresh drinking water for pets.');
insert into Ingredients (ingrID, name, description) values (30, 'Digital Food Thermometer', 'Instant-read thermometer for accurate cooking temperatures.');
insert into Ingredients (ingrID, name, description) values (31, 'Training Soccer Ball', 'Durable training soccer ball for practice.');
insert into Ingredients (ingrID, name, description) values (32, 'Travel Pillow with Memory Foam', 'Ergonomically designed neck pillow for comfortable travel.');
insert into Ingredients (ingrID, name, description) values (33, 'Vegetable Chips', 'Crispy and crunchy snack made from assorted vegetables.');
insert into Ingredients (ingrID, name, description) values (34, 'Puffed Rice Cake', 'Low-calorie rice cake for snacks.');
insert into Ingredients (ingrID, name, description) values (35, 'Electric Rice Cooker with Steamer', 'Cook rice and steam vegetables simultaneously for healthy meals.');
insert into Ingredients (ingrID, name, description) values (36, 'Jennifer''s Amazing Lip Balm Kit', 'DIY kit to make your own lip balms in various flavors.');
insert into Ingredients (ingrID, name, description) values (37, 'Banana Nut Oatmeal Cups', 'Quick oatmeal cups with banana and nut flavor, great for breakfast.');
insert into Ingredients (ingrID, name, description) values (38, 'LED Desk Light', 'Adjustable LED desk light with brightness settings.');
insert into Ingredients (ingrID, name, description) values (39, 'Pet Safety Belt for Car', 'Seat belt attachment to keep dogs safe during car rides.');
insert into Ingredients (ingrID, name, description) values (40, 'Coconut Granola', 'Crunchy granola mixed with coconut flakes.');



insert into Tags (tagID, name, description) values (1, 'Magnetic Puzzle Board', 'Magnetic puzzle assembly board for kids.');
insert into Tags (tagID, name, description) values (2, 'Coconut Chips', 'Crunchy, toasted coconut chips for snacking.');
insert into Tags (tagID, name, description) values (3, 'Orange Ginger Vinaigrette', 'Tangy vinaigrette with orange and ginger flavors.');
insert into Tags (tagID, name, description) values (4, 'Wine Glasses', 'Set of elegant wine glasses for special occasions.');
insert into Tags (tagID, name, description) values (5, 'Basketball', 'Official size basketball for indoor and outdoor play.');
insert into Tags (tagID, name, description) values (6, 'Portable SSD', 'Fast and compact external solid state drive, 1TB.');
insert into Tags (tagID, name, description) values (7, 'Maple Almond Butter', 'Creamy almond butter sweetened with maple syrup for a delicious spread.');
insert into Tags (tagID, name, description) values (8, 'Spicy Kimchi', 'Traditional Korean fermented vegetables, packed with flavor.');
insert into Tags (tagID, name, description) values (9, 'Foldable Picnic Table', 'Lightweight and portable picnic table for outdoor use.');
insert into Tags (tagID, name, description) values (10, 'Wireless Earbuds Case', 'Protective case for wireless earbuds.');
insert into Tags (tagID, name, description) values (11, 'Vegan Caesar Dressing', 'Creamy vegan dressing made with cashews, perfect for salads.');
insert into Tags (tagID, name, description) values (12, 'Savory Pumpkin Soup', 'Creamy pumpkin soup with spices');
insert into Tags (tagID, name, description) values (13, 'Personal Blender with Travel Lid', 'Blender designed for smoothies and shakes on the go.');
insert into Tags (tagID, name, description) values (14, 'Handmade Leather Journal', 'Beautiful leather-bound journal for writing and sketching.');
insert into Tags (tagID, name, description) values (15, 'Lentils', 'High in protein, perfect for soups and stews.');
insert into Tags (tagID, name, description) values (16, 'Thai Peanut Noodles', 'Noodles tossed in a spicy Thai peanut sauce.');
insert into Tags (tagID, name, description) values (17, 'Party Mini Dress', 'Eye-catching mini dress with sequins, ideal for party nights out.');
insert into Tags (tagID, name, description) values (18, 'Insulated Coffee Mug', 'Double-walled mug to keep your drink hot for longer.');
insert into Tags (tagID, name, description) values (19, 'Air Fryer', 'Compact air fryer for healthier cooking.');
insert into Tags (tagID, name, description) values (20, 'Heavy-Duty Utility Tote', 'Large, durable tote bag for shopping and outdoor activities.');
insert into Tags (tagID, name, description) values (21, 'Salsa', 'Fresh and zesty salsa, perfect for nachos.');
insert into Tags (tagID, name, description) values (22, 'Sweet and Sour Sauce', 'Perfect dipping sauce or stir-fry addition for a sweet and tangy flavor.');
insert into Tags (tagID, name, description) values (23, 'Rolling Cooler', 'Wheeled cooler for transporting drinks and snacks.');
insert into Tags (tagID, name, description) values (24, 'Greek Feta Cheese', 'Creamy and crumbly cheese for salads and dishes.');
insert into Tags (tagID, name, description) values (25, 'Coconut Cream', 'Rich cream extracted from coconut milk, ideal for desserts.');
insert into Tags (tagID, name, description) values (26, 'LED Strip Lights with Remote Control', 'Color-changing LED lights for home decoration with remote.');
insert into Tags (tagID, name, description) values (27, 'Reusable Food Storage Bags', 'Eco-friendly silicone bags for food storage and snacks.');
insert into Tags (tagID, name, description) values (28, 'Personal Safety Alarm', 'Compact alarm for personal safety and security.');
insert into Tags (tagID, name, description) values (29, 'Instant Read Meat Thermometer', 'Fast and accurate thermometer for grilling and cooking.');
insert into Tags (tagID, name, description) values (30, 'Matcha Green Tea Powder', 'High-quality matcha for making traditional tea or lattes.');
insert into Tags (tagID, name, description) values (31, 'Karaoke Microphone', 'Wireless microphone for singing and performances.');
insert into Tags (tagID, name, description) values (32, 'Magnetic Phone Case', 'Stylish case with magnetic closure for smartphones.');
insert into Tags (tagID, name, description) values (33, 'Californian Raisins', 'Sweet dried raisins, perfect for snacks or baking.');
insert into Tags (tagID, name, description) values (34, 'Toy Building Set', 'Creative building set for kids to spark imagination.');
insert into Tags (tagID, name, description) values (35, 'Italian Pasta', 'Authentic Italian pasta, perfect for a classic meal.');
insert into Tags (tagID, name, description) values (36, 'Foam Building Blocks for Kids', 'Soft foam blocks perfect for building and imaginative play.');
insert into Tags (tagID, name, description) values (37, 'Portable Hand Warmer', 'Rechargeable hand warmer for cold weather comfort.');
insert into Tags (tagID, name, description) values (38, 'Kitchen Knife Sharpening System', 'Professional sharpening system for kitchen knives.');
insert into Tags (tagID, name, description) values (39, 'Training Soccer Ball', 'Durable training soccer ball for practice.');
insert into Tags (tagID, name, description) values (40, 'Teriyaki Chicken Skewers', 'Grilled chicken skewers glazed with teriyaki sauce.');





insert into Collections (collectID, userID, title, description) values (1, 1, 'Frozen Acai Bowl', 'Healthy frozen acai bowl with toppings.');
insert into Collections (collectID, userID, title, description) values (2, 2, 'Electric Air Pump', 'Fast and convenient air pump for inflating toys and furniture.');
insert into Collections (collectID, userID, title, description) values (3, 3, 'Spinach and Cheese Quiche', 'Savory quiche loaded with spinach and cheese.');
insert into Collections (collectID, userID, title, description) values (4, 4, 'Silicone Baking Molds', 'Set of flexible molds for baking cakes and pastries.');
insert into Collections (collectID, userID, title, description) values (5, 5, 'Pet Water Fountain with Filtration', 'Continuous stream of fresh water for pets, promoting hydration.');
insert into Collections (collectID, userID, title, description) values (6, 6, 'Sriracha Sauce', 'Spicy chili sauce for an extra kick in your meals.');
insert into Collections (collectID, userID, title, description) values (7, 7, 'Induction Cooktop', 'Portable induction cooktop for quick heating.');
insert into Collections (collectID, userID, title, description) values (8, 8, 'Athletic Sports Bra', 'Supportive sports bra designed for high-impact workouts, made with moisture-wicking fabric.');
insert into Collections (collectID, userID, title, description) values (9, 9, 'Home Cleaning Robot', 'Automated cleaning robot for hassle-free home maintenance.');
insert into Collections (collectID, userID, title, description) values (10, 10, 'Wrap Front Midi Skirt', 'Elegant midi skirt with a wrap design, great for both formal and casual events.');
insert into Collections (collectID, userID, title, description) values (11, 11, 'Instant Read Meat Thermometer', 'Fast and accurate thermometer for grilling and cooking.');
insert into Collections (collectID, userID, title, description) values (12, 12, 'Portable Air Compressor', 'Compact air compressor for inflating tires and sports equipment.');
insert into Collections (collectID, userID, title, description) values (13, 13, 'Jigsaw Puzzle', '500-piece jigsaw puzzle featuring beautiful scenery.');
insert into Collections (collectID, userID, title, description) values (14, 14, 'High-Top Leather Boots', 'Durable high-top leather boots for the stylish adventurer.');
insert into Collections (collectID, userID, title, description) values (15, 15, 'Memory Foam Mattress Pad', 'Extra layer of comfort for your mattress.');
insert into Collections (collectID, userID, title, description) values (16, 16, 'Cheesy Broccoli Soup Mix', 'Just add water for a hearty cheese and broccoli soup in minutes.');
insert into Collections (collectID, userID, title, description) values (17, 17, 'Green Tea Matcha Powder', 'High-quality matcha powder for smoothies and baking.');
insert into Collections (collectID, userID, title, description) values (18, 18, 'Pumpkin Ice Cream', 'Seasonal pumpkin ice cream, perfect for fall.');
insert into Collections (collectID, userID, title, description) values (19, 19, 'Noise-Canceling Earbuds', 'Wireless earbuds designed for immersive sound experience.');
insert into Collections (collectID, userID, title, description) values (20, 20, 'Apple Cinnamon Oatmeal', 'Warm oatmeal flavored with apple and cinnamon.');
insert into Collections (collectID, userID, title, description) values (21, 21, 'Red Lentil Pasta', 'Gluten-free pasta made from red lentils, packed with protein.');
insert into Collections (collectID, userID, title, description) values (22, 22, 'Microfiber Cleaning Cloth Set', 'Assorted cloths for cleaning electronics and delicate surfaces.');
insert into Collections (collectID, userID, title, description) values (23, 23, 'Wall Calendar', 'Beautiful wall calendar for organizing your schedule.');
insert into Collections (collectID, userID, title, description) values (24, 24, 'Kettle Chip Variety Pack', 'A crunchy collection of flavored kettle chips in a convenient pack.');
insert into Collections (collectID, userID, title, description) values (25, 25, 'Over-Ear Headphones', 'Comfortable over-ear headphones with deep bass.');
insert into Collections (collectID, userID, title, description) values (26, 26, 'Chocolate Almond Milk', 'Rich and creamy almond milk with a hint of chocolate.');
insert into Collections (collectID, userID, title, description) values (27, 27, 'Compact Folding Table', 'Versatile folding table great for events or outdoor activities.');
insert into Collections (collectID, userID, title, description) values (28, 28, 'Honey Almond Granola Bars', 'Chewy granola bars made with honey and almonds.');
insert into Collections (collectID, userID, title, description) values (29, 29, 'Children''s Musical Instrument Set', 'Fun instruments to introduce kids to music.');
insert into Collections (collectID, userID, title, description) values (30, 30, 'Classic Chicken Noodle Soup', 'A comforting soup filled with chicken and noodles in broth.');
insert into Collections (collectID, userID, title, description) values (31, 31, '3D Night Light', 'Color-changing 3D night light for kids'' rooms.');
insert into Collections (collectID, userID, title, description) values (32, 32, 'Leek and Potato Soup', 'Savory soup made with leeks and potatoes.');
insert into Collections (collectID, userID, title, description) values (33, 33, 'Herbal Garden Starter Kit', 'Indoor gardening kit with herbs and pots.');
insert into Collections (collectID, userID, title, description) values (34, 34, 'Apple Cinnamon Granola', 'A wholesome granola with bits of apple and a touch of cinnamon.');
insert into Collections (collectID, userID, title, description) values (35, 35, 'LED Flashlight', 'Bright LED flashlight with adjustable beam.');
insert into Collections (collectID, userID, title, description) values (36, 36, 'Motion Sensor Light', 'Battery-operated motion sensor light for safety.');
insert into Collections (collectID, userID, title, description) values (37, 37, 'Chickpea Flour', 'Gluten-free flour made from ground chickpeas, great for cooking.');
insert into Collections (collectID, userID, title, description) values (38, 38, 'Almond Butter Granola Bars', 'Crunchy granola bars made with almond butter, oats, and honey, perfect for on-the-go snacking.');
insert into Collections (collectID, userID, title, description) values (39, 39, 'Adjustable Pet Grooming Table', 'Professional grooming table with adjustable height.');
insert into Collections (collectID, userID, title, description) values (40, 40, 'Tabletop Fire Pit', 'Compact and stylish indoor/outdoor fire pit for ambiance.');




insert into Ratings (recipeID, userID, rating) values (1, 1, 5);
insert into Ratings (recipeID, userID, rating) values (2, 2, 1);
insert into Ratings (recipeID, userID, rating) values (3, 3, 3);
insert into Ratings (recipeID, userID, rating) values (4, 4, 3);
insert into Ratings (recipeID, userID, rating) values (5, 5, 5);
insert into Ratings (recipeID, userID, rating) values (6, 6, 1);
insert into Ratings (recipeID, userID, rating) values (7, 7, 5);
insert into Ratings (recipeID, userID, rating) values (8, 8, 5);
insert into Ratings (recipeID, userID, rating) values (9, 9, 3);
insert into Ratings (recipeID, userID, rating) values (10, 10, 2);
insert into Ratings (recipeID, userID, rating) values (11, 11, 1);
insert into Ratings (recipeID, userID, rating) values (12, 12, 2);
insert into Ratings (recipeID, userID, rating) values (13, 13, 5);
insert into Ratings (recipeID, userID, rating) values (14, 14, 1);
insert into Ratings (recipeID, userID, rating) values (15, 15, 5);
insert into Ratings (recipeID, userID, rating) values (16, 16, 2);
insert into Ratings (recipeID, userID, rating) values (17, 17, 2);
insert into Ratings (recipeID, userID, rating) values (18, 18, 1);
insert into Ratings (recipeID, userID, rating) values (19, 19, 5);
insert into Ratings (recipeID, userID, rating) values (20, 20, 3);
insert into Ratings (recipeID, userID, rating) values (21, 21, 3);
insert into Ratings (recipeID, userID, rating) values (22, 22, 3);
insert into Ratings (recipeID, userID, rating) values (23, 23, 4);
insert into Ratings (recipeID, userID, rating) values (24, 24, 2);
insert into Ratings (recipeID, userID, rating) values (25, 25, 1);
insert into Ratings (recipeID, userID, rating) values (26, 26, 4);
insert into Ratings (recipeID, userID, rating) values (27, 27, 5);
insert into Ratings (recipeID, userID, rating) values (28, 28, 2);
insert into Ratings (recipeID, userID, rating) values (29, 29, 4);
insert into Ratings (recipeID, userID, rating) values (30, 30, 3);
insert into Ratings (recipeID, userID, rating) values (31, 31, 2);
insert into Ratings (recipeID, userID, rating) values (32, 32, 4);
insert into Ratings (recipeID, userID, rating) values (33, 33, 1);
insert into Ratings (recipeID, userID, rating) values (34, 34, 1);
insert into Ratings (recipeID, userID, rating) values (35, 35, 3);
insert into Ratings (recipeID, userID, rating) values (36, 36, 2);
insert into Ratings (recipeID, userID, rating) values (37, 37, 3);
insert into Ratings (recipeID, userID, rating) values (38, 38, 4);
insert into Ratings (recipeID, userID, rating) values (39, 39, 2);
insert into Ratings (recipeID, userID, rating) values (40, 40, 3);
insert into Ratings (recipeID, userID, rating) values (39, 1, 4);
insert into Ratings (recipeID, userID, rating) values (38, 2, 4);
insert into Ratings (recipeID, userID, rating) values (37, 3, 5);
insert into Ratings (recipeID, userID, rating) values (36, 4, 1);
insert into Ratings (recipeID, userID, rating) values (35, 5, 4);
insert into Ratings (recipeID, userID, rating) values (34, 6, 2);
insert into Ratings (recipeID, userID, rating) values (33, 7, 5);
insert into Ratings (recipeID, userID, rating) values (32, 8, 1);
insert into Ratings (recipeID, userID, rating) values (31, 9, 5);
insert into Ratings (recipeID, userID, rating) values (5, 10, 2);
insert into Ratings (recipeID, userID, rating) values (1, 11, 4);
insert into Ratings (recipeID, userID, rating) values (2, 12, 4);
insert into Ratings (recipeID, userID, rating) values (3, 13, 5);
insert into Ratings (recipeID, userID, rating) values (4, 14, 5);
insert into Ratings (recipeID, userID, rating) values (5, 15, 3);
insert into Ratings (recipeID, userID, rating) values (6, 16, 1);
insert into Ratings (recipeID, userID, rating) values (7, 17, 2);
insert into Ratings (recipeID, userID, rating) values (8, 18, 2);
insert into Ratings (recipeID, userID, rating) values (9, 19, 4);
insert into Ratings (recipeID, userID, rating) values (6, 20, 4);


insert into Reviews (recipeID, userID, review) values (1, 1, 'Donec vitae nisi. Nam ultrices, libero non mattis pulvinar, nulla pede ullamcorper augue, a suscipit nulla elit ac nulla.');
insert into Reviews (recipeID, userID, review) values (2, 2, 'Cras in purus eu magna vulputate luctus. Cum sociis natoque penatibus et magnis dis parturient montes, nascetur ridiculus mus.');
insert into Reviews (recipeID, userID, review) values (3, 3, 'Nulla mollis molestie lorem. Quisque ut erat. Curabitur gravida nisi at nibh.');
insert into Reviews (recipeID, userID, review) values (4, 4, 'Nunc rhoncus dui vel sem.');
insert into Reviews (recipeID, userID, review) values (5, 5, 'Cum sociis natoque penatibus et magnis dis parturient montes, nascetur ridiculus mus. Etiam vel augue.');
insert into Reviews (recipeID, userID, review) values (6, 6, 'Cras non velit nec nisi vulputate nonummy.');
insert into Reviews (recipeID, userID, review) values (7, 7, 'Mauris ullamcorper purus sit amet nulla. Quisque arcu libero, rutrum ac, lobortis vel, dapibus at, diam. Nam tristique tortor eu pede.');
insert into Reviews (recipeID, userID, review) values (8, 8, 'Vivamus metus arcu, adipiscing molestie, hendrerit at, vulputate vitae, nisl. Aenean lectus. Pellentesque eget nunc.');
insert into Reviews (recipeID, userID, review) values (9, 9, 'Vivamus vel nulla eget eros elementum pellentesque. Quisque porta volutpat erat.');
insert into Reviews (recipeID, userID, review) values (10, 10, 'In eleifend quam a odio.');
insert into Reviews (recipeID, userID, review) values (11, 11, 'Maecenas tristique, est et tempus semper, est quam pharetra magna, ac consequat metus sapien ut nunc. Vestibulum ante ipsum primis in faucibus orci luctus et ultrices posuere cubilia Curae; Mauris viverra diam vitae quam. Suspendisse potenti.');
insert into Reviews (recipeID, userID, review) values (12, 12, 'Duis aliquam convallis nunc.');
insert into Reviews (recipeID, userID, review) values (13, 13, 'Nam ultrices, libero non mattis pulvinar, nulla pede ullamcorper augue, a suscipit nulla elit ac nulla. Sed vel enim sit amet nunc viverra dapibus.');
insert into Reviews (recipeID, userID, review) values (14, 14, 'Integer ac neque.');
insert into Reviews (recipeID, userID, review) values (15, 15, 'In hac habitasse platea dictumst. Aliquam augue quam, sollicitudin vitae, consectetuer eget, rutrum at, lorem. Integer tincidunt ante vel ipsum.');
insert into Reviews (recipeID, userID, review) values (16, 16, 'Donec ut dolor.');
insert into Reviews (recipeID, userID, review) values (17, 17, 'Sed ante.');
insert into Reviews (recipeID, userID, review) values (18, 18, 'Nulla nisl. Nunc nisl. Duis bibendum, felis sed interdum venenatis, turpis enim blandit mi, in porttitor pede justo eu massa.');
insert into Reviews (recipeID, userID, review) values (19, 19, 'Aliquam sit amet diam in magna bibendum imperdiet. Nullam orci pede, venenatis non, sodales sed, tincidunt eu, felis. Fusce posuere felis sed lacus.');
insert into Reviews (recipeID, userID, review) values (20, 20, 'Vestibulum ac est lacinia nisi venenatis tristique. Fusce congue, diam id ornare imperdiet, sapien urna pretium nisl, ut volutpat sapien arcu sed augue.');
insert into Reviews (recipeID, userID, review) values (21, 21, 'Aliquam quis turpis eget elit sodales scelerisque. Mauris sit amet eros. Suspendisse accumsan tortor quis turpis.');
insert into Reviews (recipeID, userID, review) values (22, 22, 'Nullam varius.');
insert into Reviews (recipeID, userID, review) values (23, 23, 'Maecenas tristique, est et tempus semper, est quam pharetra magna, ac consequat metus sapien ut nunc. Vestibulum ante ipsum primis in faucibus orci luctus et ultrices posuere cubilia Curae; Mauris viverra diam vitae quam.');
insert into Reviews (recipeID, userID, review) values (24, 24, 'Morbi quis tortor id nulla ultrices aliquet. Maecenas leo odio, condimentum id, luctus nec, molestie sed, justo.');
insert into Reviews (recipeID, userID, review) values (25, 25, 'Integer ac neque. Duis bibendum.');
insert into Reviews (recipeID, userID, review) values (26, 26, 'Cras pellentesque volutpat dui. Maecenas tristique, est et tempus semper, est quam pharetra magna, ac consequat metus sapien ut nunc. Vestibulum ante ipsum primis in faucibus orci luctus et ultrices posuere cubilia Curae; Mauris viverra diam vitae quam.');
insert into Reviews (recipeID, userID, review) values (27, 27, 'Vestibulum sed magna at nunc commodo placerat. Praesent blandit. Nam nulla.');
insert into Reviews (recipeID, userID, review) values (28, 28, 'Fusce lacus purus, aliquet at, feugiat non, pretium quis, lectus. Suspendisse potenti.');
insert into Reviews (recipeID, userID, review) values (29, 29, 'Praesent blandit.');
insert into Reviews (recipeID, userID, review) values (30, 30, 'Etiam justo. Etiam pretium iaculis justo. In hac habitasse platea dictumst.');
insert into Reviews (recipeID, userID, review) values (31, 31, 'Vivamus tortor.');
insert into Reviews (recipeID, userID, review) values (32, 32, 'Nam ultrices, libero non mattis pulvinar, nulla pede ullamcorper augue, a suscipit nulla elit ac nulla. Sed vel enim sit amet nunc viverra dapibus.');
insert into Reviews (recipeID, userID, review) values (33, 33, 'Proin interdum mauris non ligula pellentesque ultrices. Phasellus id sapien in sapien iaculis congue.');
insert into Reviews (recipeID, userID, review) values (34, 34, 'Morbi sem mauris, laoreet ut, rhoncus aliquet, pulvinar sed, nisl. Nunc rhoncus dui vel sem. Sed sagittis.');
insert into Reviews (recipeID, userID, review) values (35, 35, 'Praesent blandit.');
insert into Reviews (recipeID, userID, review) values (36, 36, 'In hac habitasse platea dictumst. Aliquam augue quam, sollicitudin vitae, consectetuer eget, rutrum at, lorem.');
insert into Reviews (recipeID, userID, review) values (37, 37, 'Nam ultrices, libero non mattis pulvinar, nulla pede ullamcorper augue, a suscipit nulla elit ac nulla.');
insert into Reviews (recipeID, userID, review) values (38, 38, 'Proin eu mi. Nulla ac enim.');
insert into Reviews (recipeID, userID, review) values (39, 39, 'Cras mi pede, malesuada in, imperdiet et, commodo vulputate, justo.');
insert into Reviews (recipeID, userID, review) values (40, 40, 'Nullam varius. Nulla facilisi. Cras non velit nec nisi vulputate nonummy.');
insert into Reviews (recipeID, userID, review) values (1, 2, 'Donec ut mauris eget massa tempor convallis. Nulla neque libero, convallis eget, eleifend luctus, ultricies eu, nibh.');
insert into Reviews (recipeID, userID, review) values (2, 1, 'Vestibulum ante ipsum primis in faucibus orci luctus et ultrices posuere cubilia Curae; Duis faucibus accumsan odio. Curabitur convallis. Duis consequat dui nec nisi volutpat eleifend.');
insert into Reviews (recipeID, userID, review) values (3, 4, 'Cras in purus eu magna vulputate luctus.');
insert into Reviews (recipeID, userID, review) values (4, 3, 'In congue. Etiam justo.');
insert into Reviews (recipeID, userID, review) values (5, 6, 'Etiam vel augue. Vestibulum rutrum rutrum neque. Aenean auctor gravida sem.');
insert into Reviews (recipeID, userID, review) values (6, 5, 'Integer tincidunt ante vel ipsum. Praesent blandit lacinia erat. Vestibulum sed magna at nunc commodo placerat.');
insert into Reviews (recipeID, userID, review) values (7, 8, 'Vivamus in felis eu sapien cursus vestibulum. Proin eu mi. Nulla ac enim.');
insert into Reviews (recipeID, userID, review) values (8, 7, 'Fusce lacus purus, aliquet at, feugiat non, pretium quis, lectus.');
insert into Reviews (recipeID, userID, review) values (9, 10, 'Quisque erat eros, viverra eget, congue eget, semper rutrum, nulla. Nunc purus.');
insert into Reviews (recipeID, userID, review) values (10, 9, 'In blandit ultrices enim. Lorem ipsum dolor sit amet, consectetuer adipiscing elit. Proin interdum mauris non ligula pellentesque ultrices.');
insert into Reviews (recipeID, userID, review) values (11, 12, 'Nulla ut erat id mauris vulputate elementum. Nullam varius. Nulla facilisi.');
insert into Reviews (recipeID, userID, review) values (12, 11, 'Nam dui. Proin leo odio, porttitor id, consequat in, consequat ut, nulla. Sed accumsan felis.');
insert into Reviews (recipeID, userID, review) values (13, 14, 'In hac habitasse platea dictumst. Aliquam augue quam, sollicitudin vitae, consectetuer eget, rutrum at, lorem. Integer tincidunt ante vel ipsum.');
insert into Reviews (recipeID, userID, review) values (14, 13, 'Nulla suscipit ligula in lacus.');
insert into Reviews (recipeID, userID, review) values (15, 16, 'Donec quis orci eget orci vehicula condimentum. Curabitur in libero ut massa volutpat convallis. Morbi odio odio, elementum eu, interdum eu, tincidunt in, leo.');
insert into Reviews (recipeID, userID, review) values (16, 15, 'Phasellus in felis.');
insert into Reviews (recipeID, userID, review) values (17, 18, 'Fusce lacus purus, aliquet at, feugiat non, pretium quis, lectus. Suspendisse potenti.');
insert into Reviews (recipeID, userID, review) values (18, 17, 'Donec odio justo, sollicitudin ut, suscipit a, feugiat et, eros.');
insert into Reviews (recipeID, userID, review) values (19, 20, 'Vestibulum quam sapien, varius ut, blandit non, interdum in, ante.');
insert into Reviews (recipeID, userID, review) values (20, 19, 'Morbi a ipsum. Integer a nibh. In quis justo.');


INSERT INTO UserReports (adminID, userID, reason) VALUES (11, 1, 'Proin interdum mauris non');
INSERT INTO UserReports (adminID, userID, reason) VALUES (22, 2, 'Morbi non lectus.');
INSERT INTO UserReports (adminID, userID, reason) VALUES (33, 3, 'Sed ante.');
INSERT INTO UserReports (adminID, userID, reason) VALUES (4, 4, 'Mauris sit amet eros.');
INSERT INTO UserReports (adminID, userID, reason) VALUES (5, 5, 'Quisque porta volutpat erat.');
INSERT INTO UserReports (adminID, userID, reason) VALUES (11, 6, 'In tempor, turpis nec euismod');
INSERT INTO UserReports (adminID, userID, reason) VALUES (22, 7, 'Nam tristique tortor eu pede.');
INSERT INTO UserReports (adminID, userID, reason) VALUES (33, 8, 'Donec ut mauris eget massa tempor');
INSERT INTO UserReports (adminID, userID, reason) VALUES (4, 9, 'Donec diam neque, vestibulum eget');
INSERT INTO UserReports (adminID, userID, reason) VALUES (5, 10, 'Quisque porta volutpat erat.');
INSERT INTO UserReports (adminID, userID, reason) VALUES (11, 11, 'Nullam porttitor lacus at turpis.');
INSERT INTO UserReports (adminID, userID, reason) VALUES (22, 12, 'Pellentesque at nulla.');
INSERT INTO UserReports (adminID, userID, reason) VALUES (33, 13, 'Donec ut dolor.');
INSERT INTO UserReports (adminID, userID, reason) VALUES (4, 14, 'Etiam pretium iaculis justo.');
INSERT INTO UserReports (adminID, userID, reason) VALUES (5, 15, 'Pellentesque eget nunc.');
INSERT INTO UserReports (adminID, userID, reason) VALUES (11, 16, 'Proin risus.');
INSERT INTO UserReports (adminID, userID, reason) VALUES (22, 17, 'Sed ante.');
INSERT INTO UserReports (adminID, userID, reason) VALUES (33, 18, 'Donec semper sapien a libero.');
INSERT INTO UserReports (adminID, userID, reason) VALUES (4, 19, 'Nulla ut erat id mauris vulputate');
INSERT INTO UserReports (adminID, userID, reason) VALUES (5, 20, 'Donec quis orci eget orci vehicula');
INSERT INTO UserReports (adminID, userID, reason) VALUES (11, 21, 'Nam nulla.');
INSERT INTO UserReports (adminID, userID, reason) VALUES (22, 22, 'Integer ac leo.');
INSERT INTO UserReports (adminID, userID, reason) VALUES (33, 23, 'Donec quis orci eget orci vehicula');
INSERT INTO UserReports (adminID, userID, reason) VALUES (4, 24, 'Duis at velit eu est congue elementum.');
INSERT INTO UserReports (adminID, userID, reason) VALUES (5, 25, 'Nunc nisl.');
INSERT INTO UserReports (adminID, userID, reason) VALUES (11, 26, 'Nam nulla.');
INSERT INTO UserReports (adminID, userID, reason) VALUES (22, 27, 'Mauris lacinia sapien quis libero.');
INSERT INTO UserReports (adminID, userID, reason) VALUES (33, 28, 'Integer ac leo.');
INSERT INTO UserReports (adminID, userID, reason) VALUES (4, 29, 'Quisque id justo sit amet sapien');
INSERT INTO UserReports (adminID, userID, reason) VALUES (5, 30, 'Pellentesque at nulla.');
INSERT INTO UserReports (adminID, userID, reason) VALUES (11, 31, 'Proin leo odio, porttitor id, consequat');
INSERT INTO UserReports (adminID, userID, reason) VALUES (22, 32, 'Pellentesque eget nunc.');
INSERT INTO UserReports (adminID, userID, reason) VALUES (33, 33, 'Donec diam neque, vestibulum eget');
INSERT INTO UserReports (adminID, userID, reason) VALUES (4, 34, 'Fusce consequat.');
INSERT INTO UserReports (adminID, userID, reason) VALUES (5, 35, 'Mauris sit amet eros.');
INSERT INTO UserReports (adminID, userID, reason) VALUES (11, 36, 'Vivamus metus arcu, adipiscing molestie');
INSERT INTO UserReports (adminID, userID, reason) VALUES (22, 37, 'Maecenas rhoncus aliquam lacus.');
INSERT INTO UserReports (adminID, userID, reason) VALUES (33, 38, 'Sed ante.');
INSERT INTO UserReports (adminID, userID, reason) VALUES (4, 39, 'Aliquam sit amet diam in magna bibendum');
INSERT INTO UserReports (adminID, userID, reason) VALUES (5, 40, 'In hac habitasse platea dictumst.');

INSERT INTO RecipeReports (adminID, recipeID, reason) VALUES (11, 1, 'Nulla tempus.');
INSERT INTO RecipeReports (adminID, recipeID, reason) VALUES (22, 2, 'Aenean lectus.');
INSERT INTO RecipeReports (adminID, recipeID, reason) VALUES (33, 3, 'In quis justo.');
INSERT INTO RecipeReports (adminID, recipeID, reason) VALUES (4, 4, 'Pellentesque ultrices mattis odio.');
INSERT INTO RecipeReports (adminID, recipeID, reason) VALUES (5, 5, 'In est risus, auctor sed, tristique');
INSERT INTO RecipeReports (adminID, recipeID, reason) VALUES (11, 6, 'Nulla neque libero, convallis eget');
INSERT INTO RecipeReports (adminID, recipeID, reason) VALUES (22, 7, 'Donec diam neque, vestibulum eget');
INSERT INTO RecipeReports (adminID, recipeID, reason) VALUES (33, 8, 'Praesent blandit.');
INSERT INTO RecipeReports (adminID, recipeID, reason) VALUES (4, 9, 'In hac habitasse platea dictumst.');
INSERT INTO RecipeReports (adminID, recipeID, reason) VALUES (5, 10, 'Pellentesque ultrices mattis odio.');
INSERT INTO RecipeReports (adminID, recipeID, reason) VALUES (11, 11, 'Quisque ut erat.');
INSERT INTO RecipeReports (adminID, recipeID, reason) VALUES (22, 12, 'Vestibulum ante ipsum primis in');
INSERT INTO RecipeReports (adminID, recipeID, reason) VALUES (33, 13, 'In congue.');
INSERT INTO RecipeReports (adminID, recipeID, reason) VALUES (4, 14, 'Sed ante.');
INSERT INTO RecipeReports (adminID, recipeID, reason) VALUES (5, 15, 'Nunc purus.');
INSERT INTO RecipeReports (adminID, recipeID, reason) VALUES (11, 16, 'Nullam sit amet turpis elementum');
INSERT INTO RecipeReports (adminID, recipeID, reason) VALUES (22, 17, 'Morbi porttitor lorem id ligula.');
INSERT INTO RecipeReports (adminID, recipeID, reason) VALUES (33, 18, 'Curabitur gravida nisi at nibh.');
INSERT INTO RecipeReports (adminID, recipeID, reason) VALUES (4, 19, 'Aenean auctor gravida sem.');
INSERT INTO RecipeReports (adminID, recipeID, reason) VALUES (5, 20, 'Quisque porta volutpat erat.');
INSERT INTO RecipeReports (adminID, recipeID, reason) VALUES (11, 21, 'Praesent id massa id nisl');
INSERT INTO RecipeReports (adminID, recipeID, reason) VALUES (22, 22, 'Nam dui.');
INSERT INTO RecipeReports (adminID, recipeID, reason) VALUES (33, 23, 'Praesent blandit lacinia erat.');
INSERT INTO RecipeReports (adminID, recipeID, reason) VALUES (4, 24, 'Nulla suscipit ligula in lacus.');
INSERT INTO RecipeReports (adminID, recipeID, reason) VALUES (5, 25, 'In congue.');
INSERT INTO RecipeReports (adminID, recipeID, reason) VALUES (11, 26, 'Etiam faucibus cursus urna.');
INSERT INTO RecipeReports (adminID, recipeID, reason) VALUES (22, 27, 'Morbi odio odio, elementum eu.');
INSERT INTO RecipeReports (adminID, recipeID, reason) VALUES (33, 28, 'Cum sociis natoque penatibus et');
INSERT INTO RecipeReports (adminID, recipeID, reason) VALUES (4, 29, 'Cum sociis natoque penatibus et');
INSERT INTO RecipeReports (adminID, recipeID, reason) VALUES (5, 30, 'Proin interdum mauris non');
INSERT INTO RecipeReports (adminID, recipeID, reason) VALUES (11, 31, 'Quisque ut erat.');
INSERT INTO RecipeReports (adminID, recipeID, reason) VALUES (22, 32, 'Morbi non quam nec dui luctus rutrum.');
INSERT INTO RecipeReports (adminID, recipeID, reason) VALUES (33, 33, 'Vestibulum quam sapien, varius ut');
INSERT INTO RecipeReports (adminID, recipeID, reason) VALUES (4, 34, 'Vivamus in felis eu sapien cursus.');
INSERT INTO RecipeReports (adminID, recipeID, reason) VALUES (5, 35, 'Quisque porta volutpat erat.');
INSERT INTO RecipeReports (adminID, recipeID, reason) VALUES (11, 36, 'Duis bibendum.');
INSERT INTO RecipeReports (adminID, recipeID, reason) VALUES (22, 37, 'Mauris enim leo, rhoncus sed');
INSERT INTO RecipeReports (adminID, recipeID, reason) VALUES (33, 38, 'Quisque porta volutpat erat.');
INSERT INTO RecipeReports (adminID, recipeID, reason) VALUES (4, 39, 'Integer tincidunt ante vel ipsum.');
INSERT INTO RecipeReports (adminID, recipeID, reason) VALUES (5, 40, 'Aliquam erat volutpat.');

insert into RecipeIngredients (recipeID, ingrID) values (9, 31);
insert into RecipeIngredients (recipeID, ingrID) values (11, 40);
insert into RecipeIngredients (recipeID, ingrID) values (5, 12);
insert into RecipeIngredients (recipeID, ingrID) values (12, 2);
insert into RecipeIngredients (recipeID, ingrID) values (3, 14);
insert into RecipeIngredients (recipeID, ingrID) values (32, 16);
insert into RecipeIngredients (recipeID, ingrID) values (30, 27);
insert into RecipeIngredients (recipeID, ingrID) values (12, 5);
insert into RecipeIngredients (recipeID, ingrID) values (19, 34);
insert into RecipeIngredients (recipeID, ingrID) values (34, 35);
insert into RecipeIngredients (recipeID, ingrID) values (17, 18);
insert into RecipeIngredients (recipeID, ingrID) values (22, 32);
insert into RecipeIngredients (recipeID, ingrID) values (22, 13);
insert into RecipeIngredients (recipeID, ingrID) values (20, 32);
insert into RecipeIngredients (recipeID, ingrID) values (5, 36);
insert into RecipeIngredients (recipeID, ingrID) values (13, 30);
insert into RecipeIngredients (recipeID, ingrID) values (23, 29);
insert into RecipeIngredients (recipeID, ingrID) values (36, 5);
insert into RecipeIngredients (recipeID, ingrID) values (24, 16);
insert into RecipeIngredients (recipeID, ingrID) values (37, 29);
insert into RecipeIngredients (recipeID, ingrID) values (33, 32);
insert into RecipeIngredients (recipeID, ingrID) values (25, 33);
insert into RecipeIngredients (recipeID, ingrID) values (12, 17);
insert into RecipeIngredients (recipeID, ingrID) values (13, 5);
insert into RecipeIngredients (recipeID, ingrID) values (40, 8);
insert into RecipeIngredients (recipeID, ingrID) values (20, 22);
insert into RecipeIngredients (recipeID, ingrID) values (29, 40);
insert into RecipeIngredients (recipeID, ingrID) values (14, 40);
insert into RecipeIngredients (recipeID, ingrID) values (14, 2);
insert into RecipeIngredients (recipeID, ingrID) values (25, 31);
insert into RecipeIngredients (recipeID, ingrID) values (14, 3);
insert into RecipeIngredients (recipeID, ingrID) values (33, 38);
insert into RecipeIngredients (recipeID, ingrID) values (17, 19);
insert into RecipeIngredients (recipeID, ingrID) values (2, 39);
insert into RecipeIngredients (recipeID, ingrID) values (10, 2);
insert into RecipeIngredients (recipeID, ingrID) values (10, 21);
insert into RecipeIngredients (recipeID, ingrID) values (20, 35);
insert into RecipeIngredients (recipeID, ingrID) values (8, 9);
insert into RecipeIngredients (recipeID, ingrID) values (31, 25);
insert into RecipeIngredients (recipeID, ingrID) values (6, 37);
insert into RecipeIngredients (recipeID, ingrID) values (31, 30);
insert into RecipeIngredients (recipeID, ingrID) values (4, 38);
insert into RecipeIngredients (recipeID, ingrID) values (22, 14);
insert into RecipeIngredients (recipeID, ingrID) values (15, 18);
insert into RecipeIngredients (recipeID, ingrID) values (24, 34);
insert into RecipeIngredients (recipeID, ingrID) values (13, 32);
insert into RecipeIngredients (recipeID, ingrID) values (20, 2);
insert into RecipeIngredients (recipeID, ingrID) values (16, 22);
insert into RecipeIngredients (recipeID, ingrID) values (34, 26);
insert into RecipeIngredients (recipeID, ingrID) values (14, 11);
insert into RecipeIngredients (recipeID, ingrID) values (4, 6);
insert into RecipeIngredients (recipeID, ingrID) values (10, 9);
insert into RecipeIngredients (recipeID, ingrID) values (32, 33);
insert into RecipeIngredients (recipeID, ingrID) values (15, 29);
insert into RecipeIngredients (recipeID, ingrID) values (40, 10);
insert into RecipeIngredients (recipeID, ingrID) values (10, 11);
insert into RecipeIngredients (recipeID, ingrID) values (25, 8);
insert into RecipeIngredients (recipeID, ingrID) values (27, 11);
insert into RecipeIngredients (recipeID, ingrID) values (36, 6);
insert into RecipeIngredients (recipeID, ingrID) values (7, 12);
insert into RecipeIngredients (recipeID, ingrID) values (11, 4);
insert into RecipeIngredients (recipeID, ingrID) values (29, 3);
insert into RecipeIngredients (recipeID, ingrID) values (7, 5);
insert into RecipeIngredients (recipeID, ingrID) values (16, 31);
insert into RecipeIngredients (recipeID, ingrID) values (4, 21);
insert into RecipeIngredients (recipeID, ingrID) values (17, 22);
insert into RecipeIngredients (recipeID, ingrID) values (10, 12);
insert into RecipeIngredients (recipeID, ingrID) values (21, 18);
insert into RecipeIngredients (recipeID, ingrID) values (40, 4);
insert into RecipeIngredients (recipeID, ingrID) values (34, 6);
insert into RecipeIngredients (recipeID, ingrID) values (17, 26);
insert into RecipeIngredients (recipeID, ingrID) values (5, 15);
insert into RecipeIngredients (recipeID, ingrID) values (5, 31);
insert into RecipeIngredients (recipeID, ingrID) values (1, 17);
insert into RecipeIngredients (recipeID, ingrID) values (15, 21);
insert into RecipeIngredients (recipeID, ingrID) values (10, 29);
insert into RecipeIngredients (recipeID, ingrID) values (34, 40);
insert into RecipeIngredients (recipeID, ingrID) values (17, 40);
insert into RecipeIngredients (recipeID, ingrID) values (1, 30);
insert into RecipeIngredients (recipeID, ingrID) values (26, 40);
insert into RecipeIngredients (recipeID, ingrID) values (15, 23);
insert into RecipeIngredients (recipeID, ingrID) values (10, 40);
insert into RecipeIngredients (recipeID, ingrID) values (26, 4);
insert into RecipeIngredients (recipeID, ingrID) values (1, 29);
insert into RecipeIngredients (recipeID, ingrID) values (1, 20);
insert into RecipeIngredients (recipeID, ingrID) values (3, 40);
insert into RecipeIngredients (recipeID, ingrID) values (1, 35);
insert into RecipeIngredients (recipeID, ingrID) values (1, 26);
insert into RecipeIngredients (recipeID, ingrID) values (1, 40);
insert into RecipeIngredients (recipeID, ingrID) values (39, 15);
insert into RecipeIngredients (recipeID, ingrID) values (2, 40);
insert into RecipeIngredients (recipeID, ingrID) values (5, 39);
insert into RecipeIngredients (recipeID, ingrID) values (23, 9);
insert into RecipeIngredients (recipeID, ingrID) values (7, 35);
insert into RecipeIngredients (recipeID, ingrID) values (16, 5);
insert into RecipeIngredients (recipeID, ingrID) values (6, 11);
insert into RecipeIngredients (recipeID, ingrID) values (7, 37);
insert into RecipeIngredients (recipeID, ingrID) values (1, 2);
insert into RecipeIngredients (recipeID, ingrID) values (13, 15);
insert into RecipeIngredients (recipeID, ingrID) values (23, 30);
insert into RecipeIngredients (recipeID, ingrID) values (3, 16);
insert into RecipeIngredients (recipeID, ingrID) values (21, 24);
insert into RecipeIngredients (recipeID, ingrID) values (27, 14);
insert into RecipeIngredients (recipeID, ingrID) values (28, 22);
insert into RecipeIngredients (recipeID, ingrID) values (30, 40);
insert into RecipeIngredients (recipeID, ingrID) values (10, 27);
insert into RecipeIngredients (recipeID, ingrID) values (15, 31);
insert into RecipeIngredients (recipeID, ingrID) values (22, 34);
insert into RecipeIngredients (recipeID, ingrID) values (7, 32);
insert into RecipeIngredients (recipeID, ingrID) values (12, 1);
insert into RecipeIngredients (recipeID, ingrID) values (13, 37);
insert into RecipeIngredients (recipeID, ingrID) values (23, 21);
insert into RecipeIngredients (recipeID, ingrID) values (16, 1);
insert into RecipeIngredients (recipeID, ingrID) values (37, 39);
insert into RecipeIngredients (recipeID, ingrID) values (17, 28);
insert into RecipeIngredients (recipeID, ingrID) values (2, 30);
insert into RecipeIngredients (recipeID, ingrID) values (16, 8);
insert into RecipeIngredients (recipeID, ingrID) values (8, 29);
insert into RecipeIngredients (recipeID, ingrID) values (35, 31);
insert into RecipeIngredients (recipeID, ingrID) values (33, 23);
insert into RecipeIngredients (recipeID, ingrID) values (37, 24);
insert into RecipeIngredients (recipeID, ingrID) values (20, 6);
insert into RecipeIngredients (recipeID, ingrID) values (31, 35);
insert into RecipeIngredients (recipeID, ingrID) values (11, 11);
insert into RecipeIngredients (recipeID, ingrID) values (23, 40);
insert into RecipeIngredients (recipeID, ingrID) values (27, 39);
insert into RecipeIngredients (recipeID, ingrID) values (20, 14);
insert into RecipeIngredients (recipeID, ingrID) values (33, 29);
insert into RecipeIngredients (recipeID, ingrID) values (22, 5);
insert into RecipeIngredients (recipeID, ingrID) values (27, 2);


insert into RecipeTags (recipeID, tagID) values (11, 23);
insert into RecipeTags (recipeID, tagID) values (15, 13);
insert into RecipeTags (recipeID, tagID) values (37, 25);
insert into RecipeTags (recipeID, tagID) values (31, 14);
insert into RecipeTags (recipeID, tagID) values (29, 23);
insert into RecipeTags (recipeID, tagID) values (15, 3);
insert into RecipeTags (recipeID, tagID) values (29, 28);
insert into RecipeTags (recipeID, tagID) values (9, 11);
insert into RecipeTags (recipeID, tagID) values (40, 35);
insert into RecipeTags (recipeID, tagID) values (26, 30);
insert into RecipeTags (recipeID, tagID) values (26, 15);
insert into RecipeTags (recipeID, tagID) values (5, 10);
insert into RecipeTags (recipeID, tagID) values (12, 33);
insert into RecipeTags (recipeID, tagID) values (35, 30);
insert into RecipeTags (recipeID, tagID) values (37, 23);
insert into RecipeTags (recipeID, tagID) values (1, 17);
insert into RecipeTags (recipeID, tagID) values (25, 33);
insert into RecipeTags (recipeID, tagID) values (38, 8);
insert into RecipeTags (recipeID, tagID) values (30, 11);
insert into RecipeTags (recipeID, tagID) values (11, 18);
insert into RecipeTags (recipeID, tagID) values (28, 19);
insert into RecipeTags (recipeID, tagID) values (6, 4);
insert into RecipeTags (recipeID, tagID) values (23, 22);
insert into RecipeTags (recipeID, tagID) values (30, 21);
insert into RecipeTags (recipeID, tagID) values (25, 18);
insert into RecipeTags (recipeID, tagID) values (31, 11);
insert into RecipeTags (recipeID, tagID) values (17, 2);
insert into RecipeTags (recipeID, tagID) values (22, 25);
insert into RecipeTags (recipeID, tagID) values (27, 10);
insert into RecipeTags (recipeID, tagID) values (11, 28);
insert into RecipeTags (recipeID, tagID) values (34, 5);
insert into RecipeTags (recipeID, tagID) values (23, 5);
insert into RecipeTags (recipeID, tagID) values (23, 15);
insert into RecipeTags (recipeID, tagID) values (28, 10);
insert into RecipeTags (recipeID, tagID) values (38, 15);
insert into RecipeTags (recipeID, tagID) values (2, 7);
insert into RecipeTags (recipeID, tagID) values (38, 34);
insert into RecipeTags (recipeID, tagID) values (8, 15);
insert into RecipeTags (recipeID, tagID) values (8, 32);
insert into RecipeTags (recipeID, tagID) values (34, 38);
insert into RecipeTags (recipeID, tagID) values (13, 40);
insert into RecipeTags (recipeID, tagID) values (19, 18);
insert into RecipeTags (recipeID, tagID) values (22, 11);
insert into RecipeTags (recipeID, tagID) values (27, 20);
insert into RecipeTags (recipeID, tagID) values (19, 29);
insert into RecipeTags (recipeID, tagID) values (34, 2);
insert into RecipeTags (recipeID, tagID) values (2, 31);
insert into RecipeTags (recipeID, tagID) values (14, 31);
insert into RecipeTags (recipeID, tagID) values (30, 35);
insert into RecipeTags (recipeID, tagID) values (13, 35);
insert into RecipeTags (recipeID, tagID) values (36, 29);
insert into RecipeTags (recipeID, tagID) values (14, 24);
insert into RecipeTags (recipeID, tagID) values (17, 28);
insert into RecipeTags (recipeID, tagID) values (10, 14);
insert into RecipeTags (recipeID, tagID) values (10, 28);
insert into RecipeTags (recipeID, tagID) values (8, 5);
insert into RecipeTags (recipeID, tagID) values (4, 21);
insert into RecipeTags (recipeID, tagID) values (11, 11);
insert into RecipeTags (recipeID, tagID) values (6, 36);
insert into RecipeTags (recipeID, tagID) values (1, 20);
insert into RecipeTags (recipeID, tagID) values (40, 14);
insert into RecipeTags (recipeID, tagID) values (33, 36);
insert into RecipeTags (recipeID, tagID) values (2, 33);
insert into RecipeTags (recipeID, tagID) values (38, 12);
insert into RecipeTags (recipeID, tagID) values (25, 34);
insert into RecipeTags (recipeID, tagID) values (19, 9);
insert into RecipeTags (recipeID, tagID) values (5, 37);
insert into RecipeTags (recipeID, tagID) values (23, 26);
insert into RecipeTags (recipeID, tagID) values (8, 17);
insert into RecipeTags (recipeID, tagID) values (31, 19);
insert into RecipeTags (recipeID, tagID) values (15, 24);
insert into RecipeTags (recipeID, tagID) values (19, 6);
insert into RecipeTags (recipeID, tagID) values (6, 17);
insert into RecipeTags (recipeID, tagID) values (23, 34);
insert into RecipeTags (recipeID, tagID) values (1, 26);
insert into RecipeTags (recipeID, tagID) values (8, 4);
insert into RecipeTags (recipeID, tagID) values (14, 36);
insert into RecipeTags (recipeID, tagID) values (38, 24);
insert into RecipeTags (recipeID, tagID) values (40, 30);
insert into RecipeTags (recipeID, tagID) values (9, 17);
insert into RecipeTags (recipeID, tagID) values (25, 12);
insert into RecipeTags (recipeID, tagID) values (7, 16);
insert into RecipeTags (recipeID, tagID) values (15, 4);
insert into RecipeTags (recipeID, tagID) values (18, 28);
insert into RecipeTags (recipeID, tagID) values (25, 39);
insert into RecipeTags (recipeID, tagID) values (17, 3);
insert into RecipeTags (recipeID, tagID) values (33, 29);
insert into RecipeTags (recipeID, tagID) values (34, 7);
insert into RecipeTags (recipeID, tagID) values (35, 18);
insert into RecipeTags (recipeID, tagID) values (19, 39);
insert into RecipeTags (recipeID, tagID) values (17, 10);
insert into RecipeTags (recipeID, tagID) values (5, 13);
insert into RecipeTags (recipeID, tagID) values (11, 40);
insert into RecipeTags (recipeID, tagID) values (20, 22);
insert into RecipeTags (recipeID, tagID) values (39, 39);
insert into RecipeTags (recipeID, tagID) values (36, 25);
insert into RecipeTags (recipeID, tagID) values (13, 21);
insert into RecipeTags (recipeID, tagID) values (14, 40);
insert into RecipeTags (recipeID, tagID) values (24, 20);
insert into RecipeTags (recipeID, tagID) values (18, 35);
insert into RecipeTags (recipeID, tagID) values (34, 26);
insert into RecipeTags (recipeID, tagID) values (3, 18);
insert into RecipeTags (recipeID, tagID) values (19, 34);
insert into RecipeTags (recipeID, tagID) values (33, 23);
insert into RecipeTags (recipeID, tagID) values (17, 1);
insert into RecipeTags (recipeID, tagID) values (28, 14);
insert into RecipeTags (recipeID, tagID) values (32, 37);
insert into RecipeTags (recipeID, tagID) values (5, 17);
insert into RecipeTags (recipeID, tagID) values (9, 27);
insert into RecipeTags (recipeID, tagID) values (28, 21);
insert into RecipeTags (recipeID, tagID) values (2, 4);
insert into RecipeTags (recipeID, tagID) values (2, 35);
insert into RecipeTags (recipeID, tagID) values (13, 22);
insert into RecipeTags (recipeID, tagID) values (23, 27);
insert into RecipeTags (recipeID, tagID) values (26, 2);
insert into RecipeTags (recipeID, tagID) values (28, 24);
insert into RecipeTags (recipeID, tagID) values (20, 27);
insert into RecipeTags (recipeID, tagID) values (29, 31);
insert into RecipeTags (recipeID, tagID) values (39, 6);
insert into RecipeTags (recipeID, tagID) values (15, 39);
insert into RecipeTags (recipeID, tagID) values (4, 28);
insert into RecipeTags (recipeID, tagID) values (19, 12);
insert into RecipeTags (recipeID, tagID) values (13, 13);
insert into RecipeTags (recipeID, tagID) values (29, 2);
insert into RecipeTags (recipeID, tagID) values (29, 20);
insert into RecipeTags (recipeID, tagID) values (36, 8);
insert into RecipeTags (recipeID, tagID) values (2, 38);
insert into RecipeTags (recipeID, tagID) values (40, 15);
insert into RecipeTags (recipeID, tagID) values (20, 36);
insert into RecipeTags (recipeID, tagID) values (37, 35);







insert into CollectionRecipes (collectID, recipeID) values (2, 14);
insert into CollectionRecipes (collectID, recipeID) values (31, 8);
insert into CollectionRecipes (collectID, recipeID) values (37, 6);
insert into CollectionRecipes (collectID, recipeID) values (30, 2);
insert into CollectionRecipes (collectID, recipeID) values (26, 28);
insert into CollectionRecipes (collectID, recipeID) values (15, 13);
insert into CollectionRecipes (collectID, recipeID) values (27, 10);
insert into CollectionRecipes (collectID, recipeID) values (10, 32);
insert into CollectionRecipes (collectID, recipeID) values (21, 37);
insert into CollectionRecipes (collectID, recipeID) values (35, 8);
insert into CollectionRecipes (collectID, recipeID) values (32, 6);
insert into CollectionRecipes (collectID, recipeID) values (31, 27);
insert into CollectionRecipes (collectID, recipeID) values (4, 11);
insert into CollectionRecipes (collectID, recipeID) values (31, 40);
insert into CollectionRecipes (collectID, recipeID) values (2, 40);
insert into CollectionRecipes (collectID, recipeID) values (39, 31);
insert into CollectionRecipes (collectID, recipeID) values (38, 40);
insert into CollectionRecipes (collectID, recipeID) values (18, 21);
insert into CollectionRecipes (collectID, recipeID) values (28, 16);
insert into CollectionRecipes (collectID, recipeID) values (13, 25);
insert into CollectionRecipes (collectID, recipeID) values (12, 29);
insert into CollectionRecipes (collectID, recipeID) values (31, 39);
insert into CollectionRecipes (collectID, recipeID) values (8, 19);
insert into CollectionRecipes (collectID, recipeID) values (8, 15);
insert into CollectionRecipes (collectID, recipeID) values (21, 27);
insert into CollectionRecipes (collectID, recipeID) values (35, 15);
insert into CollectionRecipes (collectID, recipeID) values (2, 11);
insert into CollectionRecipes (collectID, recipeID) values (18, 5);
insert into CollectionRecipes (collectID, recipeID) values (33, 28);
insert into CollectionRecipes (collectID, recipeID) values (15, 28);
insert into CollectionRecipes (collectID, recipeID) values (37, 39);
insert into CollectionRecipes (collectID, recipeID) values (21, 30);
insert into CollectionRecipes (collectID, recipeID) values (28, 20);
insert into CollectionRecipes (collectID, recipeID) values (28, 11);
insert into CollectionRecipes (collectID, recipeID) values (30, 16);
insert into CollectionRecipes (collectID, recipeID) values (29, 3);
insert into CollectionRecipes (collectID, recipeID) values (39, 13);
insert into CollectionRecipes (collectID, recipeID) values (37, 35);
insert into CollectionRecipes (collectID, recipeID) values (38, 10);
insert into CollectionRecipes (collectID, recipeID) values (30, 15);
insert into CollectionRecipes (collectID, recipeID) values (9, 34);
insert into CollectionRecipes (collectID, recipeID) values (38, 17);
insert into CollectionRecipes (collectID, recipeID) values (38, 9);
insert into CollectionRecipes (collectID, recipeID) values (37, 24);
insert into CollectionRecipes (collectID, recipeID) values (17, 13);
insert into CollectionRecipes (collectID, recipeID) values (39, 23);
insert into CollectionRecipes (collectID, recipeID) values (28, 40);
insert into CollectionRecipes (collectID, recipeID) values (25, 6);
insert into CollectionRecipes (collectID, recipeID) values (25, 21);
insert into CollectionRecipes (collectID, recipeID) values (35, 2);
insert into CollectionRecipes (collectID, recipeID) values (37, 16);
insert into CollectionRecipes (collectID, recipeID) values (19, 16);
insert into CollectionRecipes (collectID, recipeID) values (24, 32);
insert into CollectionRecipes (collectID, recipeID) values (8, 7);
insert into CollectionRecipes (collectID, recipeID) values (6, 22);
insert into CollectionRecipes (collectID, recipeID) values (33, 18);
insert into CollectionRecipes (collectID, recipeID) values (35, 14);
insert into CollectionRecipes (collectID, recipeID) values (12, 39);
insert into CollectionRecipes (collectID, recipeID) values (13, 17);
insert into CollectionRecipes (collectID, recipeID) values (35, 18);
insert into CollectionRecipes (collectID, recipeID) values (9, 10);
insert into CollectionRecipes (collectID, recipeID) values (31, 15);
insert into CollectionRecipes (collectID, recipeID) values (39, 38);
insert into CollectionRecipes (collectID, recipeID) values (4, 17);
insert into CollectionRecipes (collectID, recipeID) values (37, 25);
insert into CollectionRecipes (collectID, recipeID) values (30, 28);
insert into CollectionRecipes (collectID, recipeID) values (35, 12);
insert into CollectionRecipes (collectID, recipeID) values (28, 39);
insert into CollectionRecipes (collectID, recipeID) values (30, 23);
insert into CollectionRecipes (collectID, recipeID) values (4, 29);
insert into CollectionRecipes (collectID, recipeID) values (9, 6);
insert into CollectionRecipes (collectID, recipeID) values (40, 30);
insert into CollectionRecipes (collectID, recipeID) values (28, 19);
insert into CollectionRecipes (collectID, recipeID) values (3, 1);
insert into CollectionRecipes (collectID, recipeID) values (22, 11);
insert into CollectionRecipes (collectID, recipeID) values (32, 29);
insert into CollectionRecipes (collectID, recipeID) values (8, 36);
insert into CollectionRecipes (collectID, recipeID) values (28, 31);
insert into CollectionRecipes (collectID, recipeID) values (6, 8);
insert into CollectionRecipes (collectID, recipeID) values (37, 28);
insert into CollectionRecipes (collectID, recipeID) values (40, 20);
insert into CollectionRecipes (collectID, recipeID) values (27, 30);
insert into CollectionRecipes (collectID, recipeID) values (29, 24);
insert into CollectionRecipes (collectID, recipeID) values (3, 24);
insert into CollectionRecipes (collectID, recipeID) values (26, 27);
insert into CollectionRecipes (collectID, recipeID) values (12, 15);
insert into CollectionRecipes (collectID, recipeID) values (1, 12);
insert into CollectionRecipes (collectID, recipeID) values (40, 4);
insert into CollectionRecipes (collectID, recipeID) values (25, 23);
insert into CollectionRecipes (collectID, recipeID) values (9, 12);
insert into CollectionRecipes (collectID, recipeID) values (34, 30);
insert into CollectionRecipes (collectID, recipeID) values (9, 9);
insert into CollectionRecipes (collectID, recipeID) values (1, 20);
insert into CollectionRecipes (collectID, recipeID) values (33, 26);
insert into CollectionRecipes (collectID, recipeID) values (29, 35);
insert into CollectionRecipes (collectID, recipeID) values (14, 14);
insert into CollectionRecipes (collectID, recipeID) values (34, 26);
insert into CollectionRecipes (collectID, recipeID) values (23, 40);
insert into CollectionRecipes (collectID, recipeID) values (2, 24);
insert into CollectionRecipes (collectID, recipeID) values (29, 10);
insert into CollectionRecipes (collectID, recipeID) values (40, 24);
insert into CollectionRecipes (collectID, recipeID) values (25, 24);
insert into CollectionRecipes (collectID, recipeID) values (33, 6);
insert into CollectionRecipes (collectID, recipeID) values (34, 11);
insert into CollectionRecipes (collectID, recipeID) values (13, 29);
insert into CollectionRecipes (collectID, recipeID) values (29, 37);
insert into CollectionRecipes (collectID, recipeID) values (39, 36);
insert into CollectionRecipes (collectID, recipeID) values (32, 20);
insert into CollectionRecipes (collectID, recipeID) values (19, 28);
insert into CollectionRecipes (collectID, recipeID) values (3, 14);
insert into CollectionRecipes (collectID, recipeID) values (7, 5);
insert into CollectionRecipes (collectID, recipeID) values (23, 4);
insert into CollectionRecipes (collectID, recipeID) values (19, 25);
insert into CollectionRecipes (collectID, recipeID) values (34, 16);
insert into CollectionRecipes (collectID, recipeID) values (32, 21);
insert into CollectionRecipes (collectID, recipeID) values (22, 3);
insert into CollectionRecipes (collectID, recipeID) values (26, 22);
insert into CollectionRecipes (collectID, recipeID) values (13, 21);
insert into CollectionRecipes (collectID, recipeID) values (9, 9);
insert into CollectionRecipes (collectID, recipeID) values (20, 25);
insert into CollectionRecipes (collectID, recipeID) values (3, 29);
insert into CollectionRecipes (collectID, recipeID) values (31, 1);
insert into CollectionRecipes (collectID, recipeID) values (14, 38);
insert into CollectionRecipes (collectID, recipeID) values (17, 33);
insert into CollectionRecipes (collectID, recipeID) values (18, 3);
insert into CollectionRecipes (collectID, recipeID) values (25, 3);
insert into CollectionRecipes (collectID, recipeID) values (33, 23);
insert into CollectionRecipes (collectID, recipeID) values (19, 27);
insert into CollectionRecipes (collectID, recipeID) values (37, 28);
insert into CollectionRecipes (collectID, recipeID) values (20, 6);




insert into CollectionTags (collectID, tagID) values (18, 37);
insert into CollectionTags (collectID, tagID) values (23, 32);
insert into CollectionTags (collectID, tagID) values (24, 14);
insert into CollectionTags (collectID, tagID) values (31, 15);
insert into CollectionTags (collectID, tagID) values (25, 12);
insert into CollectionTags (collectID, tagID) values (9, 21);
insert into CollectionTags (collectID, tagID) values (5, 37);
insert into CollectionTags (collectID, tagID) values (22, 30);
insert into CollectionTags (collectID, tagID) values (38, 7);
insert into CollectionTags (collectID, tagID) values (13, 17);
insert into CollectionTags (collectID, tagID) values (26, 38);
insert into CollectionTags (collectID, tagID) values (4, 16);
insert into CollectionTags (collectID, tagID) values (4, 31);
insert into CollectionTags (collectID, tagID) values (3, 38);
insert into CollectionTags (collectID, tagID) values (22, 11);
insert into CollectionTags (collectID, tagID) values (35, 4);
insert into CollectionTags (collectID, tagID) values (40, 5);
insert into CollectionTags (collectID, tagID) values (36, 23);
insert into CollectionTags (collectID, tagID) values (23, 12);
insert into CollectionTags (collectID, tagID) values (24, 24);
insert into CollectionTags (collectID, tagID) values (24, 8);
insert into CollectionTags (collectID, tagID) values (22, 30);
insert into CollectionTags (collectID, tagID) values (37, 18);
insert into CollectionTags (collectID, tagID) values (3, 6);
insert into CollectionTags (collectID, tagID) values (34, 32);
insert into CollectionTags (collectID, tagID) values (6, 28);
insert into CollectionTags (collectID, tagID) values (16, 1);
insert into CollectionTags (collectID, tagID) values (38, 23);
insert into CollectionTags (collectID, tagID) values (15, 40);
insert into CollectionTags (collectID, tagID) values (4, 37);
insert into CollectionTags (collectID, tagID) values (13, 13);
insert into CollectionTags (collectID, tagID) values (16, 7);
insert into CollectionTags (collectID, tagID) values (28, 34);
insert into CollectionTags (collectID, tagID) values (5, 19);
insert into CollectionTags (collectID, tagID) values (34, 32);
insert into CollectionTags (collectID, tagID) values (1, 20);
insert into CollectionTags (collectID, tagID) values (36, 1);
insert into CollectionTags (collectID, tagID) values (9, 30);
insert into CollectionTags (collectID, tagID) values (25, 35);
insert into CollectionTags (collectID, tagID) values (7, 38);
insert into CollectionTags (collectID, tagID) values (11, 16);
insert into CollectionTags (collectID, tagID) values (27, 24);
insert into CollectionTags (collectID, tagID) values (5, 7);
insert into CollectionTags (collectID, tagID) values (11, 20);
insert into CollectionTags (collectID, tagID) values (5, 24);
insert into CollectionTags (collectID, tagID) values (39, 30);
insert into CollectionTags (collectID, tagID) values (11, 37);
insert into CollectionTags (collectID, tagID) values (10, 16);
insert into CollectionTags (collectID, tagID) values (16, 25);
insert into CollectionTags (collectID, tagID) values (9, 39);
insert into CollectionTags (collectID, tagID) values (22, 2);
insert into CollectionTags (collectID, tagID) values (3, 16);
insert into CollectionTags (collectID, tagID) values (7, 13);
insert into CollectionTags (collectID, tagID) values (29, 30);
insert into CollectionTags (collectID, tagID) values (15, 14);
insert into CollectionTags (collectID, tagID) values (15, 30);
insert into CollectionTags (collectID, tagID) values (32, 4);
insert into CollectionTags (collectID, tagID) values (21, 7);
insert into CollectionTags (collectID, tagID) values (1, 21);
insert into CollectionTags (collectID, tagID) values (19, 11);
insert into CollectionTags (collectID, tagID) values (32, 9);
insert into CollectionTags (collectID, tagID) values (27, 35);
insert into CollectionTags (collectID, tagID) values (27, 24);
insert into CollectionTags (collectID, tagID) values (29, 16);
insert into CollectionTags (collectID, tagID) values (37, 20);
insert into CollectionTags (collectID, tagID) values (30, 20);
insert into CollectionTags (collectID, tagID) values (15, 2);
insert into CollectionTags (collectID, tagID) values (21, 5);
insert into CollectionTags (collectID, tagID) values (29, 31);
insert into CollectionTags (collectID, tagID) values (12, 5);
insert into CollectionTags (collectID, tagID) values (8, 22);
insert into CollectionTags (collectID, tagID) values (28, 17);
insert into CollectionTags (collectID, tagID) values (38, 27);
insert into CollectionTags (collectID, tagID) values (2, 33);
insert into CollectionTags (collectID, tagID) values (38, 8);
insert into CollectionTags (collectID, tagID) values (13, 35);
insert into CollectionTags (collectID, tagID) values (26, 36);
insert into CollectionTags (collectID, tagID) values (31, 29);
insert into CollectionTags (collectID, tagID) values (4, 33);
insert into CollectionTags (collectID, tagID) values (17, 37);
insert into CollectionTags (collectID, tagID) values (18, 35);
insert into CollectionTags (collectID, tagID) values (33, 12);
insert into CollectionTags (collectID, tagID) values (23, 14);
insert into CollectionTags (collectID, tagID) values (24, 16);
insert into CollectionTags (collectID, tagID) values (13, 32);
insert into CollectionTags (collectID, tagID) values (4, 5);
insert into CollectionTags (collectID, tagID) values (15, 5);
insert into CollectionTags (collectID, tagID) values (33, 5);
insert into CollectionTags (collectID, tagID) values (31, 36);
insert into CollectionTags (collectID, tagID) values (4, 1);
insert into CollectionTags (collectID, tagID) values (23, 17);
insert into CollectionTags (collectID, tagID) values (14, 24);
insert into CollectionTags (collectID, tagID) values (40, 34);
insert into CollectionTags (collectID, tagID) values (37, 26);
insert into CollectionTags (collectID, tagID) values (16, 36);
insert into CollectionTags (collectID, tagID) values (9, 23);
insert into CollectionTags (collectID, tagID) values (8, 20);
insert into CollectionTags (collectID, tagID) values (32, 28);
insert into CollectionTags (collectID, tagID) values (11, 9);
insert into CollectionTags (collectID, tagID) values (10, 9);
insert into CollectionTags (collectID, tagID) values (4, 5);
insert into CollectionTags (collectID, tagID) values (37, 1);
insert into CollectionTags (collectID, tagID) values (8, 15);
insert into CollectionTags (collectID, tagID) values (27, 23);
insert into CollectionTags (collectID, tagID) values (3, 9);
insert into CollectionTags (collectID, tagID) values (8, 23);
insert into CollectionTags (collectID, tagID) values (11, 33);
insert into CollectionTags (collectID, tagID) values (27, 28);
insert into CollectionTags (collectID, tagID) values (33, 7);
insert into CollectionTags (collectID, tagID) values (20, 32);
insert into CollectionTags (collectID, tagID) values (34, 25);
insert into CollectionTags (collectID, tagID) values (3, 36);
insert into CollectionTags (collectID, tagID) values (23, 11);
insert into CollectionTags (collectID, tagID) values (4, 20);
insert into CollectionTags (collectID, tagID) values (24, 37);
insert into CollectionTags (collectID, tagID) values (12, 30);
insert into CollectionTags (collectID, tagID) values (10, 17);
insert into CollectionTags (collectID, tagID) values (38, 27);
insert into CollectionTags (collectID, tagID) values (33, 11);
insert into CollectionTags (collectID, tagID) values (34, 31);
insert into CollectionTags (collectID, tagID) values (33, 6);
insert into CollectionTags (collectID, tagID) values (29, 21);
insert into CollectionTags (collectID, tagID) values (38, 5);
insert into CollectionTags (collectID, tagID) values (35, 19);
insert into CollectionTags (collectID, tagID) values (33, 14);
insert into CollectionTags (collectID, tagID) values (16, 1);
insert into CollectionTags (collectID, tagID) values (30, 30);
insert into CollectionTags (collectID, tagID) values (34, 40);
insert into CollectionTags (collectID, tagID) values (16, 8);
insert into CollectionTags (collectID, tagID) values (12, 38);